name,category,basePrice,customerRating,salesLastWeek,viewsLastWeek,searchesLastWeek,totalPurchasesLastSixMonths,totalUniqueCustomersLastSixMonths,currentPrice
1,Home,100.72,3.69,50,287,42,257,78,72.94
2,Toys,275.53,4.19,70,196,49,313,65,167.15
3,Electronics,437.74,2.0,95,272,3,146,74,237.27
4,Home,368.79,3.5,47,381,16,445,44,200.56
5,Home,405.21,3.29,18,263,49,461,86,226.14
6,Toys,332.8,4.33,5,56,36,71,73,168.22
7,Electronics,349.22,4.62,83,297,45,485,66,210.99
8,Electronics,426.11,1.05,26,97,41,139,68,232.0
9,Home,132.34,3.7,52,136,14,409,2,71.84
10,Clothing,249.82,1.21,47,375,32,26,37,143.93
11,Home,118.39,3.2,6,86,15,28,76,66.14
12,Home,493.96,2.15,58,418,10,270,41,277.29
13,Home,472.59,2.23,68,241,19,173,82,252.99
14,Home,29.32,2.41,10,198,37,252,39,34.08
15,Toys,355.73,3.49,14,462,23,384,49,207.26
16,Electronics,463.37,2.34,63,436,15,59,34,258.25
17,Toys,98.48,3.93,2,309,29,106,23,59.08
18,Toys,288.29,2.62,68,83,33,219,87,163.92
19,Toys,458.59,1.27,22,241,0,440,16,238.09
20,Home,26.63,4.14,52,280,23,258,39,42.33
21,Clothing,351.74,2.14,36,322,23,370,73,196.7
22,Electronics,155.7,2.73,8,251,8,145,65,94.09
23,Clothing,462.95,3.74,14,189,21,51,43,252.63
24,Toys,485.82,2.33,2,438,11,59,22,273.85
25,Toys,472.69,1.23,92,429,16,33,5,266.27
26,Clothing,242.36,2.5,69,151,24,95,65,132.71
27,Clothing,432.4,4.78,16,481,27,476,20,251.01
28,Clothing,423.83,3.57,25,301,14,88,34,230.24
29,Toys,166.36,3.69,20,277,29,315,28,96.51
30,Toys,416.17,3.53,71,138,26,409,6,233.48
31,Electronics,28.13,1.8,20,175,21,230,92,21.24
32,Electronics,302.17,2.67,10,7,9,455,52,144.39
33,Toys,122.7,4.0,37,294,30,274,36,73.96
34,Clothing,69.08,1.41,71,234,26,245,22,58.67
35,Clothing,47.71,2.11,87,162,11,110,96,45.41
36,Electronics,351.18,2.11,34,48,45,233,7,182.53
37,Toys,176.54,2.73,13,301,30,277,75,104.57
38,Electronics,365.14,4.92,13,37,31,476,47,186.59
39,Electronics,42.02,1.27,9,135,31,416,9,35.62
40,Home,164.49,3.07,11,309,40,165,78,94.57
41,Home,274.35,1.72,37,420,44,127,23,175.2
42,Home,397.45,4.88,33,218,34,236,89,211.75
43,Clothing,166.19,1.45,40,347,45,493,46,119.23
44,Toys,316.69,2.61,9,295,20,290,52,169.95
45,Toys,444.13,3.95,16,33,9,106,38,232.44
46,Toys,311.77,3.82,16,351,15,127,66,171.77
47,Toys,124.15,2.69,66,78,6,194,65,65.33
48,Home,21.96,2.39,61,235,3,338,5,37.11
49,Clothing,436.35,2.59,94,382,26,393,20,256.97
50,Clothing,20.42,2.06,0,272,24,474,72,24.69
51,Home,438.6,1.82,11,160,30,142,73,235.81
52,Clothing,269.18,2.93,3,174,10,394,35,146.32
53,Home,470.14,2.07,41,365,47,110,2,269.59
54,Toys,401.4,2.15,12,307,19,89,87,215.88
55,Home,498.99,3.63,97,373,35,250,85,282.54
56,Toys,181.85,4.87,84,463,16,279,77,124.76
57,Toys,385.92,3.41,85,220,44,332,41,214.62
58,Electronics,206.95,1.31,3,8,10,223,44,113.27
59,Home,245.14,1.3,81,288,29,100,43,141.55
60,Electronics,317.48,4.81,68,443,34,131,90,185.04
61,Home,438.1,2.19,18,112,40,12,32,232.43
62,Home,492.2,1.37,1,476,37,456,59,277.12
63,Electronics,386.45,3.4,11,204,21,440,85,201.2
64,Electronics,214.71,3.49,80,404,42,496,92,138.27
65,Home,216.46,3.59,73,185,47,97,82,139.13
66,Clothing,371.42,2.07,97,340,26,119,82,210.36
67,Toys,127.0,1.06,5,196,36,292,69,80.98
68,Electronics,64.13,4.86,7,265,45,303,82,56.29
69,Toys,183.76,2.0,50,261,48,198,76,114.09
70,Clothing,150.75,3.7,10,247,34,0,25,101.62
71,Clothing,155.19,3.83,62,114,3,59,85,95.29
72,Clothing,124.47,3.44,56,120,15,249,20,75.18
73,Electronics,30.63,2.25,11,140,15,139,99,26.75
74,Clothing,18.76,2.08,72,64,20,148,1,26.05
75,Electronics,493.98,3.39,1,275,25,394,46,265.86
76,Clothing,219.61,4.46,7,312,35,43,29,138.07
77,Toys,198.32,4.79,10,238,18,370,26,111.96
78,Toys,343.03,1.42,52,301,16,185,70,189.65
79,Home,116.94,1.62,99,391,44,107,19,86.92
80,Toys,475.48,4.78,9,9,25,43,49,233.3
81,Home,395.31,3.95,84,456,21,77,94,222.61
82,Toys,53.81,4.53,83,368,27,225,22,64.61
83,Electronics,214.61,1.81,7,232,0,161,12,123.53
84,Toys,440.77,3.35,35,194,43,280,80,241.77
85,Home,472.92,3.8,92,394,35,252,3,271.91
86,Home,239.03,3.72,75,11,42,131,13,139.49
87,Clothing,310.57,2.63,13,393,36,447,19,179.97
88,Electronics,91.85,1.06,53,408,1,371,12,79.35
89,Toys,495.67,3.33,84,176,16,374,2,264.49
90,Clothing,123.52,2.01,85,176,39,473,89,91.9
91,Toys,471.94,2.8,20,216,37,143,89,257.0
92,Toys,328.33,4.83,49,10,20,265,81,167.67
93,Clothing,307.79,2.6,93,445,8,108,95,188.05
94,Clothing,261.22,4.36,38,117,12,193,77,142.99
95,Clothing,123.03,1.75,19,163,10,34,46,65.67
96,Clothing,96.5,3.69,87,38,15,466,2,62.91
97,Clothing,118.04,4.91,86,52,15,389,0,69.0
98,Toys,101.35,1.41,6,217,1,274,89,53.55
99,Clothing,392.0,1.03,8,205,41,186,23,220.33
100,Electronics,181.56,2.73,0,486,43,436,34,122.76
101,Home,38.34,1.37,25,311,7,499,13,45.73
102,Clothing,484.86,3.99,37,359,42,242,66,272.6
103,Clothing,443.06,4.66,37,384,41,263,12,246.6
104,Toys,464.6,2.74,60,55,12,461,46,243.05
105,Clothing,497.5,2.03,43,117,16,9,49,264.42
106,Clothing,95.21,2.74,85,387,38,450,77,89.01
107,Clothing,204.16,3.89,43,252,23,165,84,117.13
108,Toys,381.54,1.04,73,285,2,28,25,220.23
109,Clothing,351.05,3.36,61,267,29,270,2,207.03
110,Home,85.41,3.45,5,290,12,86,50,63.0
111,Toys,409.76,3.55,16,332,18,22,39,234.22
112,Home,119.98,1.97,50,179,6,209,67,72.89
113,Toys,119.67,3.86,37,414,8,45,35,94.87
114,Clothing,273.12,1.37,23,357,18,466,50,162.84
115,Home,300.54,1.8,50,234,44,27,0,162.57
116,Toys,294.24,4.51,9,342,39,25,32,178.06
117,Electronics,54.83,3.95,71,195,21,265,6,46.84
118,Clothing,439.96,1.05,20,307,17,174,51,238.45
119,Toys,140.14,1.99,69,79,22,3,10,84.85
120,Electronics,73.46,1.86,84,134,1,310,26,45.29
121,Toys,445.49,2.08,56,21,49,321,13,234.09
122,Electronics,478.27,1.99,38,476,49,66,85,278.66
123,Clothing,432.44,1.25,87,330,10,134,79,232.98
124,Home,406.66,2.84,32,439,30,54,45,227.51
125,Electronics,331.07,3.93,58,224,32,463,75,176.57
126,Toys,279.92,3.43,17,57,13,30,9,144.81
127,Clothing,52.62,3.69,55,92,15,73,23,43.21
128,Electronics,210.14,1.32,91,191,10,18,60,130.96
129,Toys,192.62,4.81,56,102,32,155,17,120.08
130,Toys,137.28,4.35,95,395,6,336,85,101.53
131,Toys,364.48,4.22,75,6,30,155,8,188.98
132,Electronics,252.98,4.29,47,127,47,146,16,151.58
133,Electronics,49.71,4.73,41,54,45,484,57,42.61
134,Electronics,117.89,3.18,26,230,46,86,12,79.77
135,Home,344.8,1.8,73,361,13,19,49,203.32
136,Electronics,47.3,3.47,51,61,27,268,5,43.68
137,Electronics,427.09,3.97,41,239,42,332,84,238.84
138,Electronics,252.62,3.95,31,89,15,42,50,133.52
139,Home,245.49,3.09,25,231,18,394,35,143.47
140,Electronics,300.28,1.27,24,456,16,431,70,168.0
141,Toys,414.09,2.48,74,232,25,398,99,226.77
142,Electronics,180.43,4.68,22,353,5,400,24,109.63
143,Toys,342.23,3.34,97,492,42,437,10,203.62
144,Toys,287.21,3.15,56,332,48,305,43,161.7
145,Toys,140.84,2.08,51,438,8,27,13,91.3
146,Home,440.53,2.47,86,374,49,466,28,256.05
147,Home,400.74,4.58,92,291,16,259,73,232.68
148,Home,332.64,3.67,30,344,30,21,49,200.02
149,Electronics,426.79,4.15,63,151,11,469,4,226.1
150,Toys,434.97,2.82,70,427,22,374,71,250.59
151,Home,357.1,3.52,32,144,4,100,68,198.8
152,Home,420.14,1.99,84,129,42,38,87,222.86
153,Electronics,351.76,3.82,1,140,35,289,56,191.6
154,Home,343.27,2.71,17,414,35,352,25,203.18
155,Electronics,313.12,2.77,46,92,2,299,5,158.29
156,Clothing,378.83,3.6,32,113,23,169,15,208.51
157,Home,87.72,4.75,97,283,16,295,59,76.52
158,Clothing,441.63,1.26,83,443,38,352,99,245.99
159,Electronics,437.2,4.3,34,410,25,395,11,237.68
160,Toys,24.33,2.17,50,142,3,129,74,15.98
161,Home,414.65,2.78,17,222,44,155,2,221.78
162,Electronics,73.15,1.09,87,231,11,73,62,58.33
163,Toys,174.21,2.2,71,462,0,341,63,118.39
164,Toys,374.32,3.01,29,32,20,464,61,189.62
165,Clothing,88.77,1.22,43,275,18,89,5,72.71
166,Electronics,410.8,2.96,52,169,20,66,18,219.01
167,Toys,417.75,4.71,9,139,17,454,17,210.28
168,Home,258.66,1.42,86,356,42,235,79,156.22
169,Home,13.13,4.06,51,200,2,199,86,23.3
170,Clothing,150.65,2.64,48,22,48,467,42,84.72
171,Toys,312.29,3.62,10,455,43,331,72,180.4
172,Electronics,490.78,2.04,65,223,31,226,2,259.17
173,Home,319.59,1.64,57,367,9,464,71,191.46
174,Toys,137.3,1.64,89,269,39,347,37,105.15
175,Toys,320.66,1.28,35,346,14,232,67,179.38
176,Clothing,274.59,1.74,32,152,4,265,75,146.48
177,Home,392.12,3.66,46,332,3,85,43,220.65
178,Home,62.42,4.53,12,84,27,101,94,44.58
179,Electronics,382.9,4.26,39,108,3,440,88,199.74
180,Home,275.22,3.74,88,30,14,480,79,158.16
181,Electronics,481.87,1.44,67,228,16,213,62,262.12
182,Home,177.52,2.16,41,239,43,107,41,108.55
183,Clothing,319.98,2.24,18,377,2,164,63,184.22
184,Home,466.69,2.0,81,362,9,460,53,269.9
185,Electronics,60.23,3.06,93,309,46,90,77,65.97
186,Electronics,469.24,3.14,18,388,41,191,76,251.35
187,Clothing,347.06,2.43,57,140,22,334,70,185.56
188,Home,43.24,2.42,22,155,17,85,75,33.16
189,Home,157.47,4.31,53,298,0,221,36,96.09
190,Clothing,357.0,4.16,79,344,34,362,3,211.84
191,Home,43.0,2.23,64,370,30,423,1,56.37
192,Home,295.26,4.66,11,98,43,100,98,163.49
193,Electronics,179.48,4.81,23,46,0,225,43,105.09
194,Home,314.25,2.31,33,486,2,363,66,180.84
195,Home,32.41,2.42,52,326,2,59,67,45.89
196,Clothing,437.05,3.02,7,421,36,481,75,249.81
197,Clothing,487.01,4.76,17,479,18,249,82,269.15
198,Toys,484.75,4.51,56,66,28,47,73,259.66
199,Electronics,377.33,1.41,4,61,24,116,61,186.88
200,Home,73.74,2.57,25,108,32,226,0,54.27
201,Home,381.55,3.21,29,166,35,361,16,206.76
202,Toys,22.05,3.01,53,36,28,402,15,17.37
203,Home,20.84,1.78,12,118,25,455,8,23.49
204,Electronics,168.57,4.44,82,497,3,486,52,121.36
205,Toys,249.44,3.71,28,85,48,32,72,131.5
206,Electronics,387.5,4.35,2,381,13,43,58,205.78
207,Toys,344.81,4.44,89,391,49,475,8,205.32
208,Toys,228.49,3.99,57,464,26,164,11,147.93
209,Clothing,144.08,2.76,75,51,32,367,40,93.37
210,Electronics,498.59,3.44,1,90,21,344,14,265.25
211,Home,218.83,1.64,74,288,47,291,65,136.82
212,Home,231.18,3.69,27,493,2,336,74,148.95
213,Electronics,90.18,1.72,81,336,22,343,10,71.32
214,Home,399.46,3.78,76,297,20,404,7,229.86
215,Home,349.9,1.92,85,203,40,385,54,192.08
216,Electronics,118.18,1.47,75,367,22,286,95,84.86
217,Toys,50.37,1.66,1,237,3,363,5,40.45
218,Electronics,343.44,1.01,6,381,20,224,52,183.94
219,Toys,330.71,3.87,25,154,36,285,19,184.38
220,Home,143.9,3.93,89,239,42,203,38,104.5
221,Home,475.92,3.06,87,135,30,171,98,255.0
222,Home,84.02,1.65,75,406,20,11,71,71.1
223,Clothing,221.84,1.33,15,361,25,306,33,140.26
224,Toys,472.37,1.08,22,380,40,120,56,267.11
225,Clothing,215.67,1.66,39,368,34,432,18,129.63
226,Clothing,322.88,4.56,59,63,37,243,70,171.58
227,Electronics,204.82,1.97,72,122,23,151,30,121.98
228,Clothing,144.37,2.42,31,253,10,151,81,90.68
229,Electronics,492.15,1.42,14,476,40,187,39,268.8
230,Electronics,210.57,1.89,12,113,28,394,13,111.51
231,Clothing,448.11,3.08,4,19,46,12,99,238.62
232,Toys,122.68,3.43,74,15,2,90,80,74.14
233,Toys,114.42,1.98,73,144,0,199,36,81.83
234,Toys,25.26,1.23,51,207,18,73,43,35.47
235,Toys,329.32,2.56,76,18,45,255,8,187.01
236,Toys,190.58,1.94,40,375,48,455,57,117.55
237,Clothing,433.54,1.88,52,391,21,447,19,249.43
238,Clothing,241.87,4.84,49,165,13,275,91,126.76
239,Home,484.41,3.47,14,37,48,327,49,254.36
240,Toys,100.91,3.23,6,180,13,328,19,61.39
241,Clothing,435.63,2.66,39,348,43,70,35,240.88
242,Home,390.53,2.72,27,104,15,77,26,212.46
243,Toys,387.75,3.16,31,99,32,283,71,212.84
244,Electronics,423.94,3.79,98,89,12,129,31,218.62
245,Home,382.9,3.81,14,414,37,376,0,220.2
246,Clothing,316.85,1.69,99,299,48,42,16,185.77
247,Electronics,74.31,3.0,84,443,11,7,8,67.72
248,Electronics,25.94,2.65,69,331,37,12,83,47.29
249,Electronics,461.22,4.48,64,400,38,212,44,257.9
250,Home,312.16,3.53,3,78,32,110,95,173.05
251,Clothing,400.3,3.13,10,72,32,475,65,202.17
252,Electronics,245.95,1.46,25,422,28,290,31,152.92
253,Toys,67.48,3.42,60,425,4,22,44,65.52
254,Electronics,71.34,1.47,36,175,5,301,8,43.86
255,Electronics,345.93,2.35,22,395,30,253,29,194.88
256,Home,220.85,1.57,92,95,15,14,83,132.88
257,Home,108.26,3.77,84,344,30,129,37,88.72
258,Clothing,250.88,1.83,90,102,24,60,59,138.89
259,Toys,41.46,2.57,39,401,47,114,0,50.57
260,Home,295.17,4.58,76,462,45,459,4,174.93
261,Electronics,141.81,1.82,22,223,32,319,62,81.99
262,Clothing,400.8,3.03,15,5,12,307,98,203.67
263,Electronics,162.08,2.68,93,121,9,419,35,89.55
264,Electronics,233.06,1.07,60,235,23,450,64,143.66
265,Home,15.69,4.17,67,426,9,324,77,41.94
266,Clothing,45.5,1.28,79,115,40,66,72,49.53
267,Toys,202.32,2.9,30,162,30,248,93,119.71
268,Toys,245.17,3.24,52,225,12,174,23,149.69
269,Home,304.01,3.51,24,229,2,338,3,167.85
270,Home,152.91,3.75,43,181,49,1,77,97.46
271,Clothing,350.54,2.01,11,248,33,171,88,202.01
272,Toys,431.46,1.04,89,317,48,484,67,248.33
273,Toys,392.13,3.89,96,452,27,447,24,222.36
274,Toys,29.41,3.14,91,209,18,464,73,41.16
275,Electronics,245.45,4.34,8,143,22,333,98,141.85
276,Toys,61.42,4.29,11,391,44,283,6,62.53
277,Electronics,128.6,4.37,68,344,31,474,12,93.95
278,Clothing,493.46,2.94,53,95,12,53,67,261.99
279,Electronics,79.82,2.33,53,381,32,457,42,77.73
280,Clothing,254.46,4.17,27,345,33,66,56,143.13
281,Toys,312.9,2.81,55,243,32,419,35,181.21
282,Toys,354.21,1.73,98,85,4,101,13,187.57
283,Clothing,284.23,4.42,68,414,2,119,81,173.5
284,Home,14.79,4.53,97,490,6,190,71,45.25
285,Clothing,169.97,2.87,97,393,23,408,95,110.28
286,Home,263.68,1.3,76,183,21,469,26,145.08
287,Electronics,53.05,2.55,57,120,44,303,36,45.57
288,Electronics,181.81,4.21,77,331,22,422,86,110.76
289,Electronics,26.27,4.61,74,91,29,46,70,24.21
290,Toys,48.5,1.81,41,69,17,221,75,40.57
291,Electronics,204.49,1.27,37,403,31,20,24,125.99
292,Home,75.03,4.51,67,132,6,157,66,52.08
293,Electronics,288.1,2.56,52,278,32,347,89,175.68
294,Clothing,347.84,3.17,32,136,4,158,3,179.5
295,Clothing,402.29,4.87,70,313,48,376,99,227.36
296,Toys,108.07,1.27,55,186,27,371,78,73.92
297,Clothing,92.07,3.59,71,220,7,409,95,70.66
298,Home,61.24,1.3,50,463,14,234,92,68.46
299,Electronics,321.85,2.5,73,437,3,149,73,199.18
300,Toys,356.17,4.22,42,45,33,404,84,194.21
301,Electronics,25.48,2.73,14,277,4,256,15,23.5
302,Electronics,468.74,4.99,37,191,32,164,18,242.31
303,Home,35.47,3.24,14,7,4,76,28,18.21
304,Clothing,275.24,2.28,4,378,37,84,50,153.91
305,Clothing,357.44,1.88,92,275,33,45,17,209.55
306,Electronics,436.77,2.4,82,178,25,392,57,241.69
307,Toys,359.9,2.49,53,333,0,400,43,193.28
308,Clothing,402.85,1.27,50,38,3,46,15,215.61
309,Toys,176.33,2.48,9,292,38,212,64,102.94
310,Clothing,409.26,2.86,11,177,25,478,1,216.3
311,Toys,49.26,3.89,3,161,32,486,55,40.32
312,Home,448.46,3.63,94,330,32,58,78,252.64
313,Toys,278.32,3.84,17,373,7,53,27,159.8
314,Home,410.48,1.03,79,103,19,341,64,211.71
315,Home,231.64,1.87,35,160,15,11,4,127.22
316,Toys,325.35,3.65,24,286,20,191,21,187.4
317,Home,267.94,2.94,86,122,44,5,99,161.96
318,Electronics,368.48,1.02,75,53,25,308,12,195.36
319,Home,50.0,4.22,97,427,22,143,64,57.57
320,Clothing,39.57,4.09,35,33,17,345,15,31.51
321,Toys,131.08,3.19,66,241,30,260,85,96.68
322,Electronics,88.18,1.27,8,454,41,72,63,67.29
323,Toys,437.17,4.07,60,377,11,173,31,244.15
324,Clothing,117.41,3.33,52,112,0,231,79,76.09
325,Clothing,488.17,4.13,17,317,41,269,50,268.75
326,Clothing,175.08,4.01,42,22,8,427,78,86.65
327,Home,99.24,4.21,34,45,2,446,57,58.87
328,Home,396.95,3.07,62,311,25,361,45,217.07
329,Toys,332.77,1.56,97,134,8,221,51,184.1
330,Toys,254.12,3.68,77,117,41,51,62,146.03
331,Electronics,282.13,3.48,3,472,15,115,75,174.69
332,Electronics,362.41,3.97,92,188,23,25,59,202.15
333,Toys,121.94,1.68,40,130,49,52,64,72.29
334,Home,498.2,1.78,44,421,13,364,80,270.83
335,Clothing,487.65,4.56,49,211,2,28,54,267.87
336,Toys,328.66,4.0,78,417,33,18,56,190.5
337,Electronics,107.78,4.63,27,112,32,302,91,64.83
338,Home,343.31,4.03,41,43,49,391,70,177.35
339,Toys,45.38,3.39,79,127,23,278,72,45.38
340,Toys,25.02,3.62,75,363,8,116,85,39.17
341,Home,136.26,4.56,68,157,12,105,25,81.91
342,Toys,236.69,3.32,97,272,1,418,11,139.63
343,Home,435.45,3.53,0,314,6,478,70,241.78
344,Clothing,366.31,1.63,38,393,47,308,45,212.71
345,Home,373.93,2.9,95,354,20,226,46,221.1
346,Home,218.49,3.87,89,339,18,351,78,145.61
347,Home,179.51,2.08,16,401,24,185,37,122.26
348,Toys,191.81,1.81,90,44,46,260,20,108.64
349,Toys,493.95,2.26,87,107,21,15,13,272.63
350,Home,29.65,1.97,34,218,10,272,1,21.02
351,Toys,434.85,1.86,45,442,32,159,71,245.13
352,Electronics,293.55,2.7,41,317,31,357,69,178.28
353,Electronics,224.92,4.63,38,314,20,249,32,130.38
354,Toys,365.38,3.03,89,176,38,223,5,200.26
355,Toys,248.47,1.75,48,227,19,255,89,138.69
356,Home,437.98,1.31,61,190,7,179,36,237.8
357,Clothing,451.34,3.78,37,470,41,19,13,256.49
358,Toys,216.64,2.53,22,159,36,111,36,127.11
359,Electronics,145.65,4.29,21,393,8,119,7,104.13
360,Home,300.25,3.64,3,266,24,193,76,170.34
361,Toys,457.06,4.18,48,357,24,467,12,248.51
362,Electronics,113.22,2.09,58,325,32,110,39,90.93
363,Electronics,315.25,3.77,72,378,1,209,91,179.87
364,Clothing,319.46,2.06,67,488,18,0,57,186.04
365,Home,369.23,4.76,70,189,45,57,17,198.32
366,Home,74.47,3.55,86,174,19,92,56,58.41
367,Clothing,360.75,2.3,1,289,41,220,82,191.76
368,Clothing,455.43,2.08,48,483,40,210,37,253.86
369,Home,98.04,1.76,87,356,41,427,31,75.97
370,Home,126.4,3.78,94,144,28,231,85,78.99
371,Toys,485.98,1.87,30,231,5,261,65,260.5
372,Toys,98.68,3.38,39,359,16,363,76,79.8
373,Clothing,428.65,2.06,47,437,24,102,86,248.91
374,Toys,251.22,3.65,50,203,37,49,24,140.44
375,Electronics,131.14,4.26,42,212,3,373,91,76.43
376,Toys,436.67,4.11,97,39,29,109,57,243.02
377,Toys,228.2,4.04,54,274,19,455,74,126.07
378,Electronics,262.26,1.75,87,322,2,87,32,164.07
379,Clothing,186.02,1.35,48,81,22,19,87,98.32
380,Electronics,300.55,3.8,89,180,17,13,65,179.58
381,Toys,90.13,2.47,79,498,25,132,29,77.71
382,Clothing,201.63,2.73,56,319,35,424,80,125.22
383,Toys,485.01,1.12,76,82,7,295,33,259.27
384,Electronics,136.49,2.04,14,302,16,33,85,88.51
385,Electronics,331.8,1.13,26,261,30,379,68,181.13
386,Toys,169.34,4.52,67,271,36,207,47,110.5
387,Home,389.0,1.97,79,199,44,300,39,221.76
388,Home,74.13,3.23,63,239,32,198,50,50.01
389,Electronics,485.21,1.16,93,401,26,79,79,265.01
390,Electronics,232.36,3.67,29,179,44,70,12,132.33
391,Home,125.66,2.29,35,431,3,154,89,81.27
392,Home,46.01,4.59,66,170,21,77,30,44.41
393,Toys,93.18,4.55,85,294,25,77,38,67.48
394,Toys,264.69,2.3,85,176,31,171,62,151.86
395,Home,175.13,4.6,48,368,23,288,47,107.94
396,Toys,416.15,4.98,75,395,45,32,86,241.79
397,Toys,221.13,4.3,54,236,34,299,47,124.35
398,Clothing,131.87,4.38,84,137,36,275,60,76.12
399,Toys,312.4,2.0,55,326,31,366,11,172.52
400,Electronics,356.32,3.31,67,365,6,419,77,213.46
401,Toys,91.85,1.27,94,310,32,6,55,67.12
402,Toys,92.13,1.38,43,128,30,159,17,64.21
403,Home,27.97,5.0,30,48,11,239,26,12.84
404,Electronics,370.84,2.31,57,163,10,450,27,192.9
405,Toys,335.26,3.99,86,276,23,422,81,193.31
406,Toys,242.57,4.23,52,292,7,476,79,141.93
407,Clothing,423.64,4.43,83,115,31,23,51,238.89
408,Toys,404.78,4.99,78,23,37,213,15,224.93
409,Toys,296.82,1.97,22,310,21,69,76,174.2
410,Clothing,435.45,1.16,27,24,33,367,57,227.2
411,Home,110.86,2.64,15,390,18,215,92,77.86
412,Toys,64.84,1.52,36,126,19,103,8,41.65
413,Clothing,142.18,1.09,20,233,13,214,25,95.2
414,Electronics,37.97,2.44,78,208,32,53,27,42.93
415,Home,270.27,4.13,16,92,9,293,76,144.64
416,Electronics,468.94,3.26,36,93,15,329,35,239.51
417,Electronics,29.28,2.25,76,326,3,335,8,30.22
418,Clothing,69.83,3.62,18,224,26,202,46,60.14
419,Toys,231.58,1.93,29,454,27,287,77,140.75
420,Clothing,467.6,1.06,44,377,42,44,50,260.31
421,Clothing,164.92,4.06,17,279,15,316,75,92.71
422,Clothing,258.55,3.49,77,10,32,197,56,148.11
423,Clothing,30.37,4.05,61,328,47,215,31,33.75
424,Home,82.69,1.16,35,11,18,480,66,54.11
425,Toys,493.45,4.35,99,34,20,308,56,254.0
426,Electronics,482.91,3.48,83,446,21,383,53,282.58
427,Electronics,12.42,3.25,51,451,8,434,15,39.91
428,Toys,476.39,3.5,18,227,8,331,61,246.14
429,Electronics,323.17,4.46,43,219,8,183,83,179.84
430,Toys,435.28,3.35,6,440,26,26,95,239.76
431,Electronics,232.82,3.32,43,140,16,165,55,123.54
432,Clothing,262.64,4.96,67,22,43,317,22,151.6
433,Electronics,249.53,4.03,33,82,44,273,16,135.44
434,Toys,336.76,2.77,65,489,7,382,79,198.55
435,Toys,78.43,3.83,68,228,15,364,37,53.08
436,Toys,24.69,2.56,54,422,17,102,71,38.72
437,Toys,160.89,1.92,9,343,32,447,82,109.51
438,Toys,355.29,3.39,95,79,0,332,29,189.04
439,Home,108.91,4.71,41,352,11,372,57,87.23
440,Home,339.98,4.72,40,395,5,103,97,204.11
441,Electronics,485.26,2.37,76,289,40,413,77,262.05
442,Toys,56.01,3.11,68,454,4,244,21,52.07
443,Electronics,339.58,1.85,9,330,15,304,16,196.31
444,Toys,227.44,4.98,9,158,17,168,14,123.07
445,Toys,435.39,4.92,90,476,48,115,47,246.37
446,Home,96.8,3.6,59,127,17,140,31,58.55
447,Home,349.39,4.22,50,189,0,417,76,191.94
448,Clothing,420.68,3.86,20,396,18,355,84,240.7
449,Home,472.86,3.37,7,30,7,477,39,232.67
450,Clothing,344.79,1.21,64,385,2,124,96,190.7
451,Clothing,253.62,2.82,91,358,24,24,56,165.22
452,Clothing,312.75,3.7,77,14,4,193,57,170.94
453,Clothing,435.76,3.71,84,312,39,383,90,248.32
454,Clothing,289.6,2.49,29,74,18,99,98,159.08
455,Electronics,24.89,4.77,84,33,17,401,15,23.73
456,Home,466.16,1.67,48,358,49,4,27,266.18
457,Clothing,347.87,3.0,8,195,30,18,97,185.52
458,Toys,341.49,3.76,16,330,32,169,0,187.68
459,Home,115.68,3.79,68,28,46,273,40,75.98
460,Home,332.85,3.59,57,193,17,253,47,182.59
461,Clothing,202.99,2.1,56,15,38,120,30,121.69
462,Electronics,329.1,1.62,61,422,15,31,35,190.56
463,Clothing,62.23,3.54,94,76,15,148,32,54.96
464,Electronics,332.34,3.4,51,292,46,265,32,199.81
465,Toys,499.71,1.72,60,80,37,36,81,258.74
466,Home,33.62,3.82,39,404,40,176,22,51.64
467,Toys,488.82,2.82,37,427,6,341,59,269.29
468,Electronics,209.38,3.67,42,123,13,12,86,125.42
469,Electronics,436.67,4.35,62,18,42,182,78,229.51
470,Toys,393.37,1.68,18,454,47,144,89,231.11
471,Electronics,287.84,1.08,99,101,24,264,29,160.83
472,Toys,371.84,4.12,49,391,31,87,88,208.85
473,Home,440.47,3.44,32,76,37,427,44,225.61
474,Toys,208.03,3.8,12,228,21,461,79,117.98
475,Home,170.25,4.35,77,449,15,45,38,122.75
476,Toys,337.12,4.21,96,296,28,391,44,198.7
477,Electronics,405.84,4.84,61,202,15,118,77,225.36
478,Toys,383.52,3.14,92,471,11,420,80,221.88
479,Electronics,400.93,2.95,42,453,16,18,11,229.13
480,Toys,223.44,2.61,48,60,36,446,92,114.53
481,Toys,410.74,1.61,35,25,26,219,31,219.39
482,Clothing,68.9,3.29,9,70,24,429,55,51.71
483,Electronics,276.8,2.11,94,102,12,232,23,152.66
484,Clothing,12.82,4.69,5,466,7,93,12,22.07
485,Electronics,169.05,3.33,56,325,4,454,19,100.84
486,Clothing,189.57,3.37,0,362,11,250,78,117.71
487,Home,204.12,2.42,70,156,40,249,55,123.59
488,Toys,350.78,1.21,57,362,2,281,52,205.39
489,Electronics,200.39,1.13,90,358,34,231,67,125.8
490,Electronics,229.86,2.69,20,193,32,45,53,135.59
491,Toys,126.4,1.34,91,274,21,373,33,92.13
492,Electronics,192.89,3.43,79,323,49,45,27,122.54
493,Electronics,121.36,4.52,55,185,43,458,49,81.54
494,Clothing,45.87,4.53,86,325,8,13,1,42.44
495,Electronics,305.69,3.64,19,112,40,84,93,164.12
496,Home,337.42,1.84,53,312,17,318,25,199.3
497,Home,313.55,4.45,24,164,49,327,50,171.59
498,Toys,237.11,4.54,27,60,28,2,46,134.75
499,Electronics,196.1,1.79,4,91,38,27,25,108.96
500,Toys,433.03,3.95,20,285,26,380,83,229.99
501,Home,264.35,2.15,17,454,35,156,91,162.13
502,Electronics,244.8,4.21,46,456,44,342,83,155.16
503,Electronics,22.56,4.99,69,152,16,401,74,26.35
504,Toys,177.21,1.12,56,224,33,418,73,101.32
505,Home,196.3,4.59,92,126,45,332,60,117.4
506,Electronics,205.42,3.49,18,192,2,331,22,106.46
507,Toys,294.28,4.89,96,114,4,174,36,155.79
508,Home,271.47,2.86,64,261,13,113,40,155.38
509,Toys,307.87,4.39,2,17,2,388,51,152.17
510,Clothing,384.79,1.25,41,9,22,486,82,207.91
511,Electronics,408.36,2.34,20,91,38,330,81,212.51
512,Clothing,361.88,1.27,98,138,29,249,48,205.95
513,Home,478.21,4.9,39,480,49,58,26,273.49
514,Clothing,18.93,4.27,66,448,44,202,5,47.8
515,Clothing,105.93,4.41,24,332,22,314,73,70.25
516,Home,13.71,4.75,54,356,26,238,65,42.44
517,Toys,327.26,1.34,83,339,9,233,23,190.65
518,Clothing,450.03,2.54,51,448,24,302,37,262.05
519,Toys,129.31,1.28,43,51,12,94,27,70.26
520,Clothing,464.25,1.84,97,194,15,478,27,245.4
521,Toys,39.53,1.92,84,465,40,140,65,59.27
522,Home,467.87,2.88,55,488,33,333,60,257.87
523,Clothing,182.3,2.07,54,205,36,112,45,110.32
524,Home,59.7,1.4,86,286,21,108,68,48.99
525,Clothing,248.08,1.67,69,474,16,361,74,159.12
526,Home,135.82,1.59,76,400,22,344,73,107.62
527,Home,149.59,4.89,86,438,35,288,42,109.06
528,Clothing,160.57,4.04,72,365,48,96,58,117.69
529,Clothing,403.48,4.87,80,92,8,445,1,216.27
530,Clothing,274.19,2.76,65,419,1,334,14,165.11
531,Electronics,162.54,2.11,18,484,31,15,36,119.4
532,Toys,309.06,4.19,82,409,49,43,70,196.72
533,Electronics,360.91,2.31,6,308,21,441,19,204.73
534,Electronics,143.59,2.2,62,144,42,375,97,85.76
535,Home,212.64,1.93,41,85,12,229,34,117.16
536,Clothing,69.72,1.52,41,152,7,389,33,42.04
537,Toys,98.76,2.03,58,1,0,107,85,54.51
538,Home,343.75,2.42,19,341,16,216,30,192.59
539,Electronics,98.9,3.7,72,388,11,398,86,84.52
540,Clothing,267.33,1.25,16,259,3,259,18,156.69
541,Home,357.43,1.84,26,163,12,311,67,189.33
542,Clothing,62.37,4.24,46,5,30,319,23,30.24
543,Home,287.98,1.59,1,499,40,195,83,180.59
544,Clothing,135.72,2.37,62,148,6,477,38,76.02
545,Electronics,481.83,4.46,61,204,22,417,91,262.74
546,Toys,246.94,1.62,99,117,23,474,53,132.34
547,Electronics,404.94,1.33,18,484,4,94,38,227.13
548,Toys,279.61,2.94,16,88,4,55,16,156.51
549,Clothing,31.27,2.21,68,153,16,31,18,24.14
550,Home,320.24,3.25,38,438,29,491,47,187.84
551,Electronics,476.19,4.22,81,166,8,230,34,252.28
552,Toys,304.79,1.55,70,467,5,371,31,191.66
553,Electronics,411.4,3.32,80,160,24,8,46,232.15
554,Toys,443.26,3.02,38,269,18,190,46,236.04
555,Electronics,121.76,1.58,35,55,15,360,63,60.57
556,Toys,113.9,3.5,39,227,20,199,45,77.44
557,Toys,309.38,2.09,44,336,1,333,34,173.14
558,Clothing,211.4,2.95,3,148,9,160,93,118.33
559,Toys,421.53,1.33,24,45,15,86,16,207.82
560,Clothing,451.01,2.84,68,143,36,20,41,236.29
561,Toys,183.18,2.23,29,237,14,310,28,111.91
562,Home,126.07,4.29,75,271,12,75,69,80.39
563,Home,392.46,1.23,67,119,12,440,16,217.48
564,Home,144.65,2.67,87,339,31,385,80,92.78
565,Toys,413.08,2.83,28,412,44,140,13,229.22
566,Clothing,217.63,3.9,72,219,46,125,23,142.32
567,Clothing,337.1,3.3,67,7,45,250,56,179.42
568,Toys,56.81,3.67,50,343,7,387,49,56.05
569,Home,315.69,4.11,23,386,42,83,56,178.12
570,Home,231.37,4.45,13,472,17,433,60,145.37
571,Clothing,297.44,2.26,68,274,35,370,38,177.69
572,Home,92.33,3.15,17,352,25,47,54,64.88
573,Electronics,371.07,4.36,41,65,9,378,95,201.23
574,Clothing,432.77,4.96,56,78,30,77,35,231.95
575,Home,116.2,4.56,82,85,32,29,36,72.44
576,Clothing,56.9,2.49,11,123,28,284,13,40.15
577,Electronics,21.58,1.78,81,201,4,135,26,31.23
578,Clothing,324.57,2.96,16,465,12,139,82,182.24
579,Clothing,307.48,3.97,29,149,0,40,30,162.94
580,Clothing,277.88,2.97,87,45,22,485,72,149.55
581,Clothing,123.65,2.93,74,112,39,281,80,77.33
582,Electronics,201.54,4.35,98,90,2,49,82,121.36
583,Toys,301.29,2.45,22,140,2,257,43,160.19
584,Clothing,253.42,4.44,80,288,6,310,67,159.4
585,Clothing,494.01,2.63,0,388,35,359,47,266.3
586,Home,76.86,2.31,78,217,34,439,56,59.26
587,Clothing,350.62,2.82,31,76,14,269,74,189.91
588,Home,208.12,4.05,8,410,39,133,21,130.99
589,Toys,219.82,1.5,14,376,2,233,3,131.55
590,Electronics,361.62,1.79,27,383,28,127,80,196.88
591,Electronics,349.29,4.81,23,333,29,103,71,195.43
592,Toys,495.72,1.7,59,151,38,253,45,260.86
593,Electronics,72.91,3.27,34,322,17,94,58,68.3
594,Toys,61.01,3.32,85,238,10,336,33,48.74
595,Toys,364.93,2.96,26,114,42,216,10,203.25
596,Toys,293.41,3.58,82,318,48,60,30,179.85
597,Electronics,144.34,1.92,75,368,37,479,10,98.97
598,Home,48.92,3.21,19,93,39,267,55,36.42
599,Toys,51.97,2.49,64,482,0,240,37,63.79
600,Clothing,448.15,3.65,84,47,28,12,20,246.02
601,Electronics,104.01,1.56,48,190,9,146,93,60.72
602,Toys,168.45,3.28,0,461,27,427,9,107.42
603,Toys,121.06,1.74,9,11,30,239,25,62.03
604,Clothing,183.95,2.11,46,155,18,88,90,97.39
605,Home,44.02,1.87,58,171,2,94,7,38.9
606,Home,264.34,1.73,95,476,35,314,7,176.41
607,Home,43.13,4.3,61,426,42,292,59,51.66
608,Toys,402.17,2.14,85,400,14,24,71,236.21
609,Toys,124.52,4.71,17,295,32,271,33,85.41
610,Toys,274.61,4.88,45,176,40,165,15,153.09
611,Electronics,441.24,3.29,31,340,42,426,12,238.4
612,Clothing,328.93,1.57,26,56,44,496,86,178.77
613,Toys,271.15,2.5,91,342,25,249,75,171.87
614,Clothing,168.92,4.19,17,339,15,86,90,109.17
615,Clothing,173.17,2.47,38,447,35,141,21,107.09
616,Home,338.05,1.35,48,202,32,133,95,181.72
617,Electronics,497.13,3.23,92,184,19,472,26,260.9
618,Toys,334.3,4.38,81,120,12,278,63,184.73
619,Home,283.31,4.18,43,225,32,125,1,166.37
620,Home,368.02,1.7,71,201,4,315,96,194.11
621,Toys,237.95,3.69,53,329,36,490,25,151.83
622,Clothing,39.47,1.88,94,362,13,395,91,50.02
623,Home,285.53,1.87,33,379,26,140,82,171.79
624,Clothing,479.24,4.5,70,453,22,355,68,281.8
625,Electronics,95.9,2.0,35,355,13,102,96,62.57
626,Clothing,348.1,2.05,17,215,39,225,83,198.83
627,Electronics,108.46,1.0,37,459,3,389,29,73.9
628,Clothing,272.56,4.48,58,42,38,62,7,146.74
629,Home,57.37,4.17,8,374,18,293,37,57.85
630,Home,230.68,3.51,72,22,46,383,60,137.07
631,Electronics,380.52,4.0,71,154,3,305,80,206.29
632,Toys,180.31,1.61,50,185,29,253,64,109.51
633,Electronics,335.81,2.83,34,248,18,179,66,190.23
634,Electronics,399.77,2.4,81,236,30,39,45,229.92
635,Clothing,464.32,1.38,4,292,30,263,89,242.87
636,Clothing,124.97,2.94,13,133,8,188,94,78.02
637,Electronics,205.66,4.68,91,320,12,7,71,129.69
638,Home,84.68,1.16,29,389,13,103,42,65.23
639,Clothing,496.32,2.17,3,433,45,224,58,273.52
640,Toys,464.23,1.83,38,21,9,33,45,238.42
641,Clothing,274.58,1.95,83,360,47,235,71,177.58
642,Clothing,422.6,4.63,63,87,30,462,34,226.84
643,Toys,265.27,2.87,24,152,36,227,38,155.87
644,Electronics,315.56,2.87,27,124,22,187,91,163.06
645,Toys,53.67,4.04,75,78,26,312,50,46.13
646,Electronics,380.08,1.62,65,345,5,482,3,220.86
647,Electronics,72.58,2.95,77,455,25,429,79,73.41
648,Electronics,414.77,2.72,21,50,1,21,76,214.77
649,Toys,393.19,3.39,30,215,44,342,83,216.72
650,Electronics,357.28,5.0,22,175,12,39,50,199.01
651,Home,27.72,4.08,47,357,49,172,4,48.56
652,Toys,158.53,2.59,19,252,18,438,54,88.53
653,Home,138.93,4.31,37,453,0,178,19,103.65
654,Electronics,186.47,1.68,54,245,39,85,23,113.4
655,Clothing,52.94,1.12,67,226,31,132,35,42.87
656,Electronics,469.11,1.82,78,105,21,350,33,257.46
657,Home,281.36,2.36,87,192,47,12,53,162.79
658,Home,159.71,3.04,88,315,28,27,33,113.98
659,Toys,204.52,3.46,0,301,1,83,82,113.37
660,Clothing,229.13,4.64,6,35,39,480,16,111.82
661,Toys,304.29,3.04,56,441,37,463,4,184.01
662,Home,262.68,3.01,94,203,47,317,88,148.2
663,Electronics,460.5,1.2,11,421,10,348,17,258.73
664,Clothing,253.51,1.14,4,266,16,342,54,137.8
665,Electronics,496.16,3.2,49,267,42,279,52,270.04
666,Electronics,427.2,2.75,41,169,7,353,49,219.14
667,Clothing,112.17,4.36,11,497,21,262,71,80.74
668,Toys,465.99,1.64,17,38,3,165,90,242.85
669,Electronics,67.02,1.1,65,454,10,292,78,56.96
670,Home,410.55,2.8,73,138,7,67,44,223.68
671,Electronics,196.51,1.95,78,291,8,225,12,130.14
672,Clothing,440.21,1.2,93,51,25,169,15,238.29
673,Clothing,435.35,3.9,16,286,1,85,85,240.68
674,Clothing,404.9,1.45,67,288,15,132,83,217.52
675,Toys,397.11,3.43,70,140,30,447,12,211.26
676,Electronics,159.29,2.12,61,145,5,177,19,101.81
677,Toys,49.65,1.69,40,424,20,489,65,56.67
678,Toys,207.46,2.52,94,313,25,342,98,134.58
679,Clothing,95.03,4.21,33,183,18,251,46,65.88
680,Clothing,350.53,2.57,69,151,27,14,18,191.21
681,Toys,179.59,4.0,44,200,7,222,44,96.59
682,Electronics,488.05,1.5,57,127,13,378,36,263.36
683,Home,324.08,4.09,50,286,23,200,53,188.03
684,Toys,413.02,1.95,33,310,47,106,5,229.86
685,Electronics,74.94,3.71,43,252,43,249,13,67.41
686,Clothing,432.39,3.26,14,488,36,436,3,242.97
687,Clothing,462.15,4.72,77,265,25,408,85,251.36
688,Electronics,248.66,2.55,69,187,30,88,54,151.55
689,Home,307.06,1.26,49,385,31,124,99,186.97
690,Clothing,384.76,1.08,31,229,49,112,33,212.35
691,Clothing,95.67,4.31,66,270,40,468,26,65.41
692,Clothing,256.26,3.1,2,258,1,136,6,136.25
693,Electronics,205.34,4.1,85,298,24,246,2,132.41
694,Toys,81.72,1.94,85,414,43,495,46,72.45
695,Clothing,190.09,2.38,73,197,1,165,96,119.5
696,Toys,43.4,1.12,50,322,41,149,1,56.12
697,Home,22.65,4.85,66,55,0,362,79,27.76
698,Clothing,76.23,3.67,75,318,35,342,24,63.3
699,Clothing,481.93,4.73,92,202,11,432,59,268.08
700,Home,279.27,2.06,47,270,8,67,78,156.08
701,Clothing,483.25,3.45,16,108,35,220,23,246.16
702,Toys,221.92,3.71,6,115,40,270,14,112.72
703,Electronics,162.79,2.27,12,91,27,320,94,88.01
704,Toys,258.01,4.39,65,137,37,309,13,155.0
705,Electronics,225.36,4.79,3,421,32,413,53,132.97
706,Electronics,61.78,4.54,9,302,41,348,77,46.03
707,Toys,324.0,3.96,87,56,45,19,5,188.19
708,Toys,115.86,2.11,16,49,21,288,77,55.0
709,Toys,313.6,2.13,51,497,24,488,80,195.29
710,Toys,328.6,4.85,5,70,17,491,17,167.4
711,Home,84.49,1.04,82,398,5,99,19,61.8
712,Clothing,40.06,3.86,68,401,17,251,61,57.71
713,Electronics,392.57,3.82,95,81,15,469,80,204.89
714,Toys,235.3,3.49,73,371,14,76,79,146.63
715,Toys,38.5,4.96,8,104,47,134,39,26.42
716,Toys,497.48,2.25,90,87,7,391,38,254.54
717,Home,38.31,2.36,76,1,12,411,51,19.48
718,Toys,350.57,1.32,82,359,42,172,31,198.21
719,Toys,492.0,2.77,20,83,6,362,72,244.73
720,Toys,127.2,2.04,23,481,16,200,26,97.17
721,Clothing,79.7,2.37,3,42,49,216,51,47.34
722,Home,69.48,4.34,23,153,31,375,96,45.52
723,Toys,158.6,4.74,58,326,21,207,62,102.82
724,Electronics,59.51,1.74,98,421,12,73,73,70.73
725,Electronics,349.16,2.49,2,93,46,10,62,192.74
726,Electronics,40.52,4.71,67,297,22,286,16,49.27
727,Home,259.62,1.25,39,132,28,255,48,151.05
728,Home,498.38,1.37,47,394,21,11,99,272.36
729,Electronics,408.85,1.65,53,64,0,379,80,210.88
730,Toys,311.46,3.38,34,289,28,478,81,179.33
731,Home,160.06,1.6,94,375,47,77,22,115.67
732,Electronics,315.71,4.87,55,256,4,434,97,177.16
733,Electronics,268.25,2.79,88,466,34,171,71,168.2
734,Toys,218.78,3.01,39,385,9,95,12,143.77
735,Clothing,74.05,1.99,76,212,18,305,22,63.85
736,Home,444.44,2.88,67,147,36,372,56,239.15
737,Toys,230.39,3.65,45,60,6,272,61,128.57
738,Electronics,105.37,4.0,77,470,45,418,53,84.58
739,Electronics,190.2,4.02,12,148,34,384,19,99.91
740,Toys,212.92,3.31,26,87,44,412,85,115.52
741,Home,415.49,4.62,5,323,12,178,51,224.58
742,Clothing,369.47,4.27,16,382,9,63,22,197.52
743,Clothing,386.96,4.03,35,395,1,131,34,223.93
744,Electronics,15.41,1.22,98,277,5,342,66,29.28
745,Home,213.92,1.03,80,403,7,411,33,137.62
746,Clothing,245.86,1.85,1,81,35,271,32,122.43
747,Home,19.4,3.65,76,128,24,318,45,20.33
748,Home,137.31,2.64,51,285,43,331,80,100.63
749,Electronics,382.54,2.61,65,381,46,436,44,224.12
750,Clothing,77.18,4.54,51,352,39,340,18,75.1
751,Toys,272.3,4.58,91,279,6,108,93,170.69
752,Electronics,115.45,4.64,42,269,45,272,86,78.24
753,Clothing,15.94,2.26,89,291,22,167,14,30.05
754,Clothing,128.19,3.76,21,452,18,396,77,98.51
755,Clothing,488.18,2.09,54,202,45,179,65,274.48
756,Clothing,402.75,1.76,66,23,21,57,38,214.17
757,Clothing,480.19,1.74,98,443,12,479,17,279.5
758,Home,249.05,2.37,59,350,20,420,69,156.03
759,Electronics,63.77,2.72,57,310,0,497,58,50.74
760,Home,278.5,4.32,11,460,18,78,31,167.5
761,Toys,232.64,1.48,87,207,32,459,20,145.53
762,Clothing,423.73,3.94,68,279,3,60,39,237.47
763,Electronics,58.06,3.13,83,204,41,368,91,42.68
764,Clothing,249.24,2.15,38,151,2,120,26,133.33
765,Electronics,83.52,2.97,12,437,26,206,1,60.89
766,Home,169.09,2.2,40,25,40,33,96,88.89
767,Electronics,371.3,3.38,56,193,34,69,79,213.09
768,Toys,243.25,2.74,52,335,27,16,38,137.56
769,Toys,194.19,1.66,11,421,5,495,85,114.47
770,Electronics,203.29,1.47,12,237,5,496,55,111.68
771,Electronics,235.13,3.19,73,320,43,19,12,148.14
772,Electronics,394.66,4.61,96,496,22,456,55,235.53
773,Electronics,447.12,2.38,56,74,32,314,65,230.9
774,Toys,478.11,3.93,39,434,15,68,77,260.23
775,Clothing,395.58,3.63,79,162,23,214,55,211.55
776,Electronics,164.55,4.73,44,298,4,160,27,102.97
777,Electronics,347.19,4.28,34,28,40,101,63,178.67
778,Toys,224.43,3.27,2,164,41,375,70,134.32
779,Toys,134.79,3.63,4,336,12,205,81,85.8
780,Home,422.03,4.59,89,185,46,144,63,225.86
781,Electronics,28.83,2.6,10,53,11,56,55,24.27
782,Home,451.86,2.31,70,294,4,82,40,245.07
783,Toys,236.12,1.04,55,41,36,480,99,132.49
784,Toys,322.23,4.31,9,411,30,384,40,182.02
785,Clothing,333.08,4.2,33,284,27,268,99,188.99
786,Electronics,448.61,1.42,66,426,27,493,3,260.63
787,Home,321.97,3.31,71,386,29,410,56,199.51
788,Toys,310.83,2.86,30,499,17,453,29,180.86
789,Toys,42.66,1.47,74,137,43,186,87,36.87
790,Home,264.02,4.92,70,186,26,5,83,151.18
791,Clothing,83.58,1.86,65,489,34,352,45,85.06
792,Toys,371.34,1.27,69,397,25,349,55,223.2
793,Electronics,260.99,3.38,40,203,38,109,30,140.92
794,Toys,343.31,3.96,62,430,48,482,87,197.59
795,Electronics,30.42,1.13,31,41,17,406,6,22.2
796,Home,51.55,3.63,19,349,32,137,89,41.18
797,Electronics,361.0,3.13,56,415,24,50,76,206.79
798,Home,45.32,1.41,97,287,30,402,53,42.96
799,Electronics,44.92,1.69,49,425,36,50,7,55.27
800,Home,15.93,3.27,79,415,1,475,54,46.36
801,Electronics,478.69,2.19,24,25,32,86,68,256.57
802,Clothing,371.38,4.75,11,370,38,67,43,207.54
803,Electronics,183.09,4.27,70,384,42,83,12,124.78
804,Electronics,155.3,4.93,38,55,42,466,92,96.51
805,Clothing,181.35,2.04,16,252,31,41,19,100.73
806,Toys,389.58,4.88,44,121,17,218,77,211.71
807,Toys,334.07,2.72,10,105,16,56,31,173.61
808,Electronics,100.75,2.39,69,129,33,225,59,61.63
809,Clothing,95.31,1.2,22,336,38,195,49,68.75
810,Electronics,58.21,1.21,90,157,6,247,26,38.32
811,Home,333.55,3.77,69,375,41,165,24,201.19
812,Home,384.54,2.83,37,230,34,61,51,206.49
813,Electronics,139.87,1.91,1,454,29,262,67,92.25
814,Toys,20.26,3.46,85,307,11,111,20,28.19
815,Toys,50.26,2.01,83,90,34,252,17,49.03
816,Electronics,484.25,3.31,88,392,10,198,38,272.06
817,Electronics,154.77,2.44,78,21,43,177,14,92.47
818,Home,386.92,4.29,92,289,3,435,52,219.66
819,Toys,316.09,4.28,71,109,24,25,37,172.06
820,Electronics,197.15,2.91,36,48,47,409,47,103.71
821,Home,110.79,2.4,48,128,31,245,51,75.08
822,Toys,69.48,2.45,51,72,19,18,87,38.37
823,Clothing,311.36,4.22,32,339,49,264,71,173.65
824,Home,389.57,2.31,21,52,30,316,27,207.15
825,Toys,325.51,1.84,4,466,3,19,84,181.3
826,Toys,269.85,1.34,17,355,37,105,15,154.48
827,Home,30.56,2.87,37,379,46,236,15,42.61
828,Clothing,484.56,2.93,36,167,0,305,34,253.8
829,Home,401.37,4.36,93,44,2,463,16,217.43
830,Toys,153.48,1.88,94,451,36,245,72,115.13
831,Electronics,490.19,2.52,63,392,21,80,98,276.49
832,Electronics,304.92,4.23,9,104,16,149,51,165.29
833,Home,295.39,4.29,78,149,13,396,92,160.96
834,Toys,376.56,2.54,41,145,40,395,81,200.58
835,Electronics,407.77,2.84,47,203,34,9,11,221.46
836,Toys,331.67,2.21,43,361,12,320,82,185.98
837,Home,72.77,4.73,81,298,34,223,47,73.43
838,Electronics,175.75,1.47,86,166,42,413,21,115.55
839,Toys,464.76,4.73,96,200,1,263,48,246.32
840,Electronics,120.06,3.74,15,133,46,148,51,63.64
841,Home,192.36,3.13,53,210,12,277,78,104.66
842,Toys,221.72,1.13,34,47,15,273,0,113.22
843,Electronics,225.31,2.9,97,125,17,193,65,123.17
844,Home,310.34,2.63,27,238,6,431,63,171.56
845,Electronics,472.11,1.64,1,6,44,171,7,248.34
846,Electronics,127.94,3.63,93,463,35,264,85,105.38
847,Clothing,69.54,4.88,12,452,40,450,24,57.86
848,Clothing,106.76,3.25,40,271,29,309,65,72.47
849,Home,444.59,3.86,79,384,41,25,72,254.42
850,Clothing,326.45,1.27,58,370,40,468,72,197.98
851,Home,150.09,2.67,68,36,6,349,76,91.56
852,Clothing,409.81,1.47,91,486,14,475,69,248.19
853,Electronics,432.07,3.45,52,210,39,355,93,236.51
854,Home,424.79,4.75,44,164,18,25,78,231.63
855,Home,460.27,3.65,19,124,42,33,50,235.4
856,Electronics,133.6,1.31,23,336,36,263,52,91.07
857,Home,379.97,2.42,60,191,1,137,14,201.09
858,Home,235.66,3.2,90,217,41,303,49,141.05
859,Clothing,422.58,2.61,93,213,47,182,70,239.14
860,Home,366.96,4.33,57,61,12,362,74,189.44
861,Toys,390.46,4.26,26,327,39,241,37,209.98
862,Electronics,331.52,3.45,25,444,40,53,39,185.35
863,Clothing,96.94,2.49,6,380,42,461,65,63.21
864,Clothing,277.06,2.02,41,160,42,167,38,145.4
865,Toys,492.49,1.42,46,65,30,118,73,249.59
866,Electronics,469.32,2.42,52,285,15,142,16,250.88
867,Electronics,31.16,2.65,58,238,41,80,6,32.33
868,Clothing,90.76,3.7,37,19,43,244,38,64.81
869,Home,74.55,3.63,68,187,5,401,67,50.77
870,Clothing,365.73,1.28,86,81,27,351,34,191.02
871,Electronics,410.71,2.58,91,362,31,357,50,237.08
872,Toys,114.62,1.73,97,201,43,406,46,88.87
873,Clothing,257.87,1.63,52,407,9,61,35,159.27
874,Electronics,421.94,4.31,14,131,49,45,63,220.6
875,Clothing,369.07,1.17,95,36,17,86,94,199.0
876,Home,275.7,2.68,25,131,3,98,88,152.03
877,Clothing,299.27,1.67,47,76,8,294,12,163.83
878,Clothing,259.1,4.52,94,88,6,398,17,148.18
879,Electronics,155.8,3.23,18,460,49,52,20,115.66
880,Electronics,286.86,1.93,8,401,7,471,64,172.77
881,Electronics,347.55,3.01,63,252,42,191,99,199.06
882,Clothing,437.93,3.93,92,343,6,446,7,245.3
883,Home,321.78,4.83,53,193,40,475,47,183.64
884,Toys,382.95,1.88,50,175,39,79,84,215.87
885,Toys,88.44,4.54,38,32,2,15,42,40.84
886,Electronics,236.16,4.74,3,57,16,359,52,133.62
887,Electronics,14.57,4.67,2,466,1,486,84,25.48
888,Clothing,130.87,3.54,63,200,14,325,26,83.25
889,Toys,365.97,3.52,28,27,45,193,18,199.78
890,Electronics,495.99,2.61,10,34,28,140,22,248.52
891,Home,58.6,4.01,96,486,49,107,49,68.44
892,Home,206.73,3.13,57,124,47,302,50,113.24
893,Electronics,402.03,3.71,74,393,21,264,42,228.81
894,Electronics,109.98,2.71,26,320,3,446,98,67.97
895,Toys,281.99,3.93,96,41,5,289,50,151.2
896,Toys,369.2,4.3,20,84,37,208,68,192.83
897,Clothing,311.83,1.59,38,392,25,474,40,192.0
898,Toys,102.13,4.33,94,187,10,412,71,81.58
899,Home,184.14,3.16,45,110,25,164,10,97.5
900,Home,394.06,4.38,65,270,16,426,79,224.03
901,Electronics,281.57,2.73,90,482,23,341,87,167.77
902,Toys,12.56,2.52,35,440,27,370,84,25.59
903,Clothing,382.89,4.66,74,324,34,319,51,211.48
904,Home,27.3,2.0,81,104,30,151,22,39.66
905,Home,375.41,4.38,64,405,12,454,48,225.25
906,Clothing,109.22,2.94,62,319,34,289,37,74.63
907,Clothing,479.46,3.06,98,40,15,431,46,246.88
908,Home,190.29,2.23,34,214,14,267,71,105.9
909,Home,170.2,3.29,30,70,42,150,6,96.77
910,Clothing,82.96,2.3,27,55,17,206,65,50.48
911,Home,159.75,1.16,0,406,46,254,93,99.44
912,Electronics,439.56,2.09,24,235,36,352,76,243.08
913,Electronics,498.2,1.03,42,280,47,376,61,268.4
914,Clothing,190.47,4.91,83,474,47,140,86,141.36
915,Toys,229.82,4.86,66,104,48,342,28,135.62
916,Clothing,363.81,2.58,62,389,40,357,37,210.8
917,Clothing,444.24,3.91,50,374,26,95,83,255.0
918,Toys,300.59,2.38,1,161,34,428,32,168.68
919,Toys,201.85,3.68,81,190,44,369,28,119.47
920,Toys,212.18,4.22,63,8,34,226,78,113.83
921,Electronics,350.85,4.79,73,59,27,192,22,198.05
922,Home,11.58,2.6,68,380,38,302,2,29.2
923,Electronics,313.6,4.13,8,304,37,313,92,168.17
924,Home,184.19,2.06,1,224,8,492,44,103.69
925,Electronics,399.16,4.96,33,306,11,388,7,226.3
926,Home,55.57,1.1,59,187,14,376,85,50.09
927,Electronics,298.22,3.41,60,69,20,460,28,169.63
928,Toys,245.68,3.64,30,292,34,117,1,145.23
929,Clothing,324.74,3.75,9,286,41,4,49,174.42
930,Electronics,41.78,1.48,75,481,32,443,64,57.71
931,Home,294.19,4.75,35,168,18,351,19,167.31
932,Toys,285.13,1.72,84,61,22,242,51,148.43
933,Electronics,284.72,3.49,48,348,12,20,84,159.91
934,Electronics,305.71,1.89,69,441,43,151,36,176.73
935,Toys,341.47,2.23,48,13,0,127,71,178.5
936,Electronics,404.44,3.19,2,163,28,123,26,221.74
937,Clothing,142.21,2.67,73,419,23,145,46,105.6
938,Electronics,414.27,1.64,4,244,15,276,98,231.2
939,Clothing,254.15,1.68,89,334,24,309,5,146.67
940,Clothing,47.76,2.67,60,7,22,393,59,41.02
941,Toys,38.69,4.03,84,153,27,151,44,45.18
942,Electronics,173.78,4.59,89,35,46,359,43,99.34
943,Toys,394.6,1.34,25,47,15,110,82,213.39
944,Electronics,356.76,2.57,71,84,42,468,17,190.15
945,Electronics,396.42,1.4,4,27,37,472,64,211.73
946,Home,263.46,1.07,14,195,10,115,24,151.71
947,Electronics,225.7,3.65,15,445,2,187,26,142.68
948,Toys,82.25,3.41,0,207,14,56,6,54.83
949,Clothing,170.81,1.65,15,469,0,250,43,103.09
950,Electronics,222.67,1.94,36,203,6,383,28,126.71
951,Home,53.41,1.09,2,463,0,406,94,47.41
952,Toys,118.1,4.34,51,306,48,149,43,90.96
953,Electronics,303.13,4.9,46,103,31,451,35,170.56
954,Toys,370.47,1.54,94,229,8,161,18,215.41
955,Home,499.19,1.93,12,425,28,119,5,265.53
956,Home,467.23,4.47,79,100,25,69,24,256.09
957,Toys,324.86,4.71,54,28,22,411,30,181.14
958,Electronics,216.41,2.68,20,126,44,350,8,127.23
959,Clothing,321.73,1.2,65,337,42,98,83,181.26
960,Home,394.97,1.16,53,9,28,166,73,197.89
961,Electronics,67.98,3.3,26,105,37,297,36,36.62
962,Electronics,210.85,2.57,37,166,32,150,26,123.71
963,Clothing,421.5,1.11,89,465,6,325,12,246.32
964,Home,198.08,3.33,57,256,11,463,40,129.04
965,Home,290.22,1.05,61,294,30,1,65,167.08
966,Electronics,298.01,4.15,45,276,31,151,84,167.87
967,Electronics,100.39,2.23,88,64,19,400,96,67.03
968,Clothing,187.5,1.16,10,270,16,364,23,116.59
969,Clothing,173.91,3.35,71,387,35,64,43,126.31
970,Home,22.84,2.59,7,187,2,325,97,28.25
971,Toys,21.85,4.9,96,316,0,68,59,35.84
972,Home,417.53,3.18,70,403,49,120,8,244.15
973,Electronics,143.8,2.1,63,137,26,108,1,95.2
974,Home,263.86,3.84,20,342,46,315,55,156.21
975,Toys,156.38,2.09,71,104,39,246,29,89.14
976,Clothing,470.93,4.62,62,33,32,433,21,240.83
977,Toys,137.06,2.5,84,379,19,92,74,88.28
978,Toys,220.53,3.2,63,109,13,267,80,128.32
979,Toys,437.64,1.2,19,431,35,102,99,238.23
980,Clothing,422.55,2.7,7,32,4,430,12,209.39
981,Toys,101.19,4.33,57,353,22,450,70,72.97
982,Toys,403.3,4.22,45,230,44,111,15,224.1
983,Toys,234.51,1.9,30,316,14,320,96,135.79
984,Electronics,246.65,1.9,92,265,5,410,44,150.15
985,Toys,75.41,4.27,8,181,32,303,64,42.72
986,Clothing,49.49,4.72,14,339,18,343,10,38.32
987,Toys,366.69,1.38,93,64,12,61,69,197.31
988,Toys,253.27,2.8,25,332,28,299,19,145.83
989,Clothing,224.06,2.35,9,0,5,402,98,109.82
990,Toys,367.46,4.48,28,132,14,442,62,186.77
991,Clothing,385.1,1.33,79,79,15,135,89,214.08
992,Toys,87.87,1.84,35,270,23,54,11,67.44
993,Clothing,309.01,4.01,83,240,22,107,61,170.24
994,Toys,76.32,1.21,36,27,47,302,93,39.35
995,Toys,378.17,2.97,85,222,9,257,91,219.68
996,Electronics,331.91,2.77,70,22,40,252,90,182.23
997,Electronics,478.74,2.34,22,495,40,221,41,269.14
998,Toys,43.79,2.58,40,108,48,477,82,40.65
999,Toys,37.96,3.12,92,106,16,368,68,40.83
1000,Home,148.27,1.65,79,144,48,166,57,99.96
1001,Clothing,138.24,3.29,27,368,43,428,4,94.74
1002,Home,131.02,4.22,47,353,44,159,26,91.7
1003,Electronics,454.06,4.04,37,396,29,448,27,244.46
1004,Electronics,132.28,1.62,30,397,43,165,25,102.15
1005,Electronics,143.26,1.6,13,138,45,204,90,86.72
1006,Electronics,382.11,2.07,96,283,9,266,48,210.18
1007,Toys,230.37,2.44,72,297,18,137,20,147.92
1008,Electronics,390.59,2.63,90,479,28,367,0,239.87
1009,Toys,42.03,3.72,87,98,1,442,91,45.24
1010,Toys,248.91,1.23,76,316,35,345,57,159.08
1011,Electronics,26.47,1.14,89,122,18,247,78,40.22
1012,Electronics,40.7,2.57,28,319,6,54,54,35.11
1013,Clothing,454.15,3.79,50,286,25,403,80,256.48
1014,Home,78.23,1.77,48,80,14,208,25,56.13
1015,Electronics,270.89,3.57,42,494,46,16,83,164.28
1016,Clothing,211.44,2.04,91,456,37,67,24,133.7
1017,Clothing,180.2,4.54,91,9,2,132,76,110.35
1018,Home,450.92,4.58,71,7,37,187,32,233.45
1019,Toys,20.69,2.19,86,404,15,406,88,48.5
1020,Electronics,335.26,1.92,92,204,1,429,71,177.6
1021,Home,482.06,2.65,4,314,30,307,68,251.08
1022,Electronics,284.48,1.96,41,433,27,137,5,170.4
1023,Clothing,469.04,3.69,6,196,6,173,22,241.03
1024,Clothing,35.61,4.3,41,197,29,411,29,39.31
1025,Toys,215.21,3.69,35,29,42,96,77,118.8
1026,Clothing,137.48,4.3,26,478,6,170,53,88.25
1027,Clothing,368.1,2.59,57,400,35,153,86,207.02
1028,Home,490.84,1.63,45,458,28,182,10,273.71
1029,Electronics,135.7,3.95,65,19,23,241,30,72.1
1030,Electronics,330.55,2.44,24,47,38,303,5,180.16
1031,Home,107.07,3.69,72,456,3,284,10,82.89
1032,Toys,287.01,2.08,26,129,28,26,76,147.64
1033,Electronics,237.33,1.32,0,292,43,401,11,137.52
1034,Clothing,486.28,4.97,86,384,4,359,65,264.15
1035,Electronics,308.18,1.62,73,131,28,59,52,163.64
1036,Clothing,181.26,4.95,41,355,29,201,98,111.16
1037,Toys,65.91,4.91,51,53,28,249,35,51.68
1038,Home,84.11,4.18,24,377,25,361,16,75.13
1039,Electronics,120.41,3.64,53,280,18,68,27,88.56
1040,Home,132.97,3.31,66,386,25,457,91,92.23
1041,Electronics,426.8,4.46,5,264,36,369,21,227.04
1042,Clothing,285.0,2.16,57,469,26,20,6,175.67
1043,Home,266.46,2.87,69,214,29,151,14,158.74
1044,Electronics,66.24,3.48,52,459,29,101,95,74.73
1045,Clothing,431.47,2.64,65,457,2,386,10,238.44
1046,Home,364.18,2.71,57,289,42,487,23,197.97
1047,Home,43.16,2.32,81,42,6,94,66,36.73
1048,Electronics,356.84,3.26,86,73,48,445,29,202.77
1049,Electronics,276.33,4.4,1,349,8,360,69,164.32
1050,Electronics,50.05,1.81,75,277,40,228,65,54.31
1051,Clothing,234.57,4.74,21,325,41,124,60,149.76
1052,Electronics,247.5,3.76,36,241,12,257,77,141.57
1053,Home,91.23,4.29,19,129,14,321,40,64.5
1054,Home,473.39,3.22,23,349,4,486,81,266.85
1055,Electronics,426.49,4.12,83,193,28,368,50,241.76
1056,Electronics,337.82,1.06,64,31,34,425,43,176.67
1057,Toys,236.52,4.27,64,105,26,235,94,127.29
1058,Home,211.77,1.16,80,399,26,161,12,137.63
1059,Clothing,328.98,4.56,0,203,7,41,89,175.31
1060,Toys,277.26,4.97,93,0,31,275,11,159.58
1061,Electronics,40.51,2.18,2,244,19,352,81,26.99
1062,Electronics,261.13,1.84,45,71,9,67,8,135.04
1063,Home,405.14,4.06,54,431,12,172,84,236.57
1064,Electronics,235.03,2.01,74,305,28,491,47,135.27
1065,Clothing,35.46,4.46,87,396,34,330,48,46.94
1066,Home,395.28,1.41,85,14,7,124,52,205.57
1067,Electronics,108.67,1.5,63,52,28,169,55,68.79
1068,Home,136.72,4.92,44,427,30,46,39,91.26
1069,Electronics,90.71,3.7,25,7,40,260,23,60.16
1070,Electronics,171.81,4.39,76,329,29,216,97,112.68
1071,Electronics,380.81,2.3,64,45,21,304,71,209.96
1072,Clothing,264.5,3.71,23,324,20,123,32,152.85
1073,Clothing,110.39,3.38,73,113,11,292,22,65.42
1074,Home,440.14,3.41,34,146,10,161,76,225.29
1075,Electronics,441.0,3.73,23,494,1,200,53,238.42
1076,Electronics,436.58,3.3,27,165,49,453,52,235.44
1077,Clothing,127.01,2.72,99,378,40,401,48,88.99
1078,Electronics,231.11,2.1,79,138,1,461,77,128.71
1079,Clothing,492.64,4.07,15,116,33,274,77,259.52
1080,Electronics,388.29,1.91,58,298,2,205,79,210.94
1081,Home,23.31,3.77,80,275,15,39,48,29.16
1082,Electronics,41.95,1.93,53,403,3,272,59,52.61
1083,Electronics,237.33,3.5,78,276,22,187,89,152.1
1084,Toys,455.52,3.99,15,337,49,354,89,243.82
1085,Clothing,273.96,1.87,14,312,19,92,64,149.37
1086,Electronics,253.93,1.24,97,177,24,41,31,157.36
1087,Electronics,61.68,1.52,10,329,29,464,78,42.25
1088,Toys,331.82,3.42,64,353,17,378,20,201.9
1089,Toys,412.83,4.4,78,153,41,106,17,216.94
1090,Clothing,196.41,1.18,89,413,10,327,93,136.46
1091,Toys,390.05,3.94,67,200,28,64,59,211.46
1092,Home,482.59,2.37,42,365,16,364,12,274.59
1093,Toys,109.85,2.91,68,114,25,308,23,66.85
1094,Home,266.43,4.72,98,158,22,483,29,157.15
1095,Clothing,150.7,2.33,12,41,47,134,1,75.37
1096,Clothing,398.5,2.86,9,246,19,493,82,209.77
1097,Clothing,293.02,1.05,74,67,44,388,24,167.34
1098,Clothing,320.95,1.33,81,444,1,23,49,191.71
1099,Clothing,400.98,2.03,97,444,23,27,13,243.66
1100,Home,204.03,1.11,40,325,30,61,5,124.06
1101,Home,458.39,3.53,49,333,26,490,75,261.45
1102,Clothing,271.18,2.71,86,195,1,272,83,153.56
1103,Toys,87.4,3.19,70,89,13,228,86,66.67
1104,Electronics,350.99,1.7,58,110,3,19,29,196.63
1105,Clothing,398.7,2.18,38,367,48,2,29,223.32
1106,Toys,165.21,3.66,2,358,12,420,37,110.36
1107,Electronics,430.02,4.86,75,144,35,217,57,241.13
1108,Clothing,454.01,1.2,6,274,34,398,93,239.16
1109,Clothing,145.68,4.56,48,178,43,306,40,94.24
1110,Home,491.93,3.31,25,240,7,431,93,253.28
1111,Electronics,78.95,3.26,32,325,1,135,56,66.41
1112,Electronics,108.99,3.0,47,318,5,396,35,69.69
1113,Toys,100.27,1.28,78,476,30,431,63,76.41
1114,Home,448.05,1.36,1,330,9,2,97,239.8
1115,Home,330.6,3.4,70,463,43,192,15,201.97
1116,Home,84.53,2.36,31,413,20,72,87,75.59
1117,Home,225.76,4.67,3,152,41,414,77,135.3
1118,Electronics,311.5,2.63,19,103,9,360,89,163.02
1119,Electronics,50.9,1.57,35,74,22,117,71,26.37
1120,Clothing,442.38,3.86,31,127,2,153,13,236.59
1121,Clothing,403.77,2.17,27,198,31,208,30,219.32
1122,Home,257.55,3.1,76,153,19,439,65,145.5
1123,Home,483.89,3.79,0,55,9,33,67,242.54
1124,Home,214.7,4.6,59,277,28,136,64,130.87
1125,Clothing,492.21,4.17,55,344,40,317,54,270.41
1126,Toys,337.28,3.71,34,18,45,119,83,183.32
1127,Toys,320.99,3.72,29,158,33,114,77,176.22
1128,Clothing,91.32,4.78,53,25,36,12,39,64.3
1129,Clothing,442.14,2.18,35,425,19,68,24,249.03
1130,Clothing,219.47,1.0,54,168,7,424,24,119.2
1131,Clothing,89.49,2.09,88,483,6,332,2,85.73
1132,Clothing,16.18,1.87,79,22,5,256,68,19.11
1133,Clothing,284.28,3.65,57,46,10,88,25,146.01
1134,Home,268.43,3.53,82,12,43,46,39,150.49
1135,Home,362.48,3.37,64,216,17,259,37,197.97
1136,Home,446.23,1.06,68,321,41,227,37,257.17
1137,Home,48.91,3.92,50,193,28,446,67,41.75
1138,Clothing,368.43,2.29,21,143,24,179,6,200.85
1139,Toys,101.83,3.66,87,72,20,9,93,57.86
1140,Electronics,430.51,3.23,52,155,45,283,29,231.27
1141,Clothing,411.34,2.37,99,76,2,376,18,229.71
1142,Electronics,274.99,1.54,35,418,17,125,34,170.07
1143,Toys,358.02,1.38,67,168,23,133,32,189.88
1144,Home,164.03,4.33,35,460,46,154,32,109.54
1145,Toys,240.87,4.67,51,286,37,247,77,141.07
1146,Clothing,412.6,3.6,52,84,9,139,37,220.33
1147,Home,235.04,1.41,81,415,26,317,9,154.39
1148,Clothing,185.32,2.61,49,181,11,435,56,113.22
1149,Home,252.16,3.92,79,481,6,175,27,159.61
1150,Electronics,415.84,4.12,40,455,16,322,77,243.31
1151,Electronics,174.25,1.47,17,314,0,173,99,103.56
1152,Electronics,95.14,1.0,21,296,49,480,37,62.05
1153,Toys,358.89,3.85,65,111,25,73,15,196.05
1154,Clothing,414.73,2.43,20,449,14,350,20,242.75
1155,Toys,59.31,2.02,99,229,32,142,91,60.47
1156,Electronics,127.54,1.05,43,95,36,454,96,78.2
1157,Clothing,79.57,3.16,46,437,46,291,5,74.4
1158,Electronics,180.49,4.4,38,167,30,397,40,114.89
1159,Toys,230.67,4.83,28,377,34,111,14,139.92
1160,Toys,376.92,3.26,53,155,0,205,2,198.79
1161,Toys,329.06,3.06,89,420,7,130,42,205.29
1162,Electronics,314.25,1.34,84,104,11,368,46,179.36
1163,Clothing,182.66,3.2,16,192,18,109,98,101.43
1164,Clothing,422.31,2.52,79,488,24,369,13,245.63
1165,Electronics,240.93,3.43,59,329,31,66,65,144.9
1166,Clothing,489.76,2.55,30,438,11,381,28,264.37
1167,Electronics,320.73,1.96,72,131,12,85,3,184.86
1168,Clothing,71.87,1.38,94,354,27,274,25,64.1
1169,Home,341.33,2.26,77,381,0,226,11,205.37
1170,Home,169.3,1.39,48,137,5,459,1,90.87
1171,Toys,346.3,1.71,1,430,7,437,16,196.75
1172,Home,44.12,4.95,47,330,3,324,34,35.03
1173,Home,95.69,2.78,13,269,4,9,9,68.84
1174,Home,429.31,3.13,58,37,24,488,85,226.95
1175,Electronics,121.32,4.49,96,395,21,416,42,95.52
1176,Home,420.15,4.98,98,44,27,396,20,216.81
1177,Home,146.85,3.33,57,400,38,383,14,97.81
1178,Toys,325.01,4.25,57,463,22,354,34,185.89
1179,Home,350.13,2.31,50,162,3,434,84,184.71
1180,Home,261.2,2.22,83,449,3,287,84,164.64
1181,Clothing,159.6,2.61,1,330,46,458,84,102.85
1182,Toys,114.2,3.69,40,252,20,111,59,78.68
1183,Toys,26.26,3.73,82,168,36,485,43,35.06
1184,Toys,158.93,2.26,81,450,40,23,95,109.98
1185,Toys,330.05,1.53,15,284,1,290,4,176.02
1186,Toys,469.77,3.53,3,273,6,338,72,242.88
1187,Toys,436.89,1.51,11,19,48,325,17,232.58
1188,Electronics,385.37,3.31,28,238,15,167,20,211.88
1189,Home,396.34,3.77,6,269,16,437,71,208.3
1190,Toys,335.84,3.8,13,417,19,108,97,186.27
1191,Home,137.54,4.01,11,432,22,427,73,101.93
1192,Home,454.53,4.49,98,309,33,189,50,261.57
1193,Electronics,338.66,3.0,4,30,10,489,40,176.02
1194,Toys,284.62,3.92,80,313,33,354,23,168.18
1195,Clothing,64.38,3.48,31,103,32,195,23,39.58
1196,Electronics,229.06,1.75,73,169,25,32,95,142.72
1197,Clothing,235.58,1.1,42,185,1,204,96,137.5
1198,Home,433.64,2.14,80,127,22,311,37,229.83
1199,Home,277.86,2.77,68,209,40,419,43,167.69
1200,Electronics,196.4,3.47,44,413,21,181,56,131.22
1201,Electronics,488.63,4.4,8,280,33,490,58,259.24
1202,Clothing,64.25,1.78,48,446,14,146,33,59.51
1203,Toys,217.05,1.5,32,252,9,426,74,119.24
1204,Clothing,30.59,4.85,99,18,14,267,94,20.69
1205,Electronics,372.55,1.43,99,199,41,10,81,214.97
1206,Clothing,459.86,2.91,17,219,28,69,22,241.31
1207,Electronics,147.22,3.34,8,135,22,255,85,90.43
1208,Clothing,430.59,3.17,61,222,16,395,42,244.64
1209,Electronics,153.19,1.34,56,2,8,218,81,74.9
1210,Electronics,456.28,1.23,28,450,49,296,39,258.05
1211,Electronics,379.44,1.42,77,235,35,408,46,219.0
1212,Toys,404.4,3.34,24,341,8,361,40,228.9
1213,Clothing,18.82,3.18,14,464,15,258,46,41.35
1214,Clothing,481.78,1.93,5,227,35,2,19,253.61
1215,Clothing,366.07,3.55,41,400,47,83,76,211.62
1216,Electronics,159.33,4.28,28,141,32,155,64,95.47
1217,Clothing,416.4,1.17,78,498,30,150,67,253.61
1218,Clothing,147.95,2.99,92,8,5,175,23,81.22
1219,Electronics,437.65,3.76,3,189,9,194,99,238.69
1220,Home,65.16,2.01,81,349,15,425,35,55.42
1221,Electronics,354.81,2.23,56,404,3,471,44,213.73
1222,Clothing,274.94,3.45,48,459,21,106,1,171.42
1223,Electronics,57.3,4.59,43,164,12,423,27,42.54
1224,Home,128.53,4.24,79,479,15,133,25,100.73
1225,Electronics,16.08,3.33,74,138,28,275,22,21.26
1226,Clothing,239.7,3.92,13,275,5,394,78,131.67
1227,Home,157.62,2.46,2,290,25,351,35,88.77
1228,Toys,303.2,3.56,61,52,10,379,90,154.29
1229,Clothing,155.65,2.86,63,174,23,154,5,92.65
1230,Home,156.96,1.76,44,109,28,276,34,96.74
1231,Home,374.16,3.81,81,202,2,235,37,208.4
1232,Toys,33.59,3.23,57,435,9,239,34,37.84
1233,Electronics,452.42,2.43,19,135,0,369,99,242.39
1234,Electronics,427.61,4.65,57,3,42,12,73,226.81
1235,Clothing,337.22,1.08,88,154,25,341,93,197.04
1236,Toys,300.68,2.26,56,171,11,34,52,169.45
1237,Electronics,447.23,1.23,76,423,13,46,37,247.41
1238,Toys,100.81,4.07,67,357,24,213,92,77.64
1239,Electronics,48.69,3.81,77,46,7,411,58,38.78
1240,Home,127.36,2.33,96,93,42,404,42,73.16
1241,Electronics,399.34,3.7,91,427,3,493,3,221.46
1242,Toys,26.99,2.58,51,47,27,145,4,16.75
1243,Home,295.58,4.03,36,239,6,158,67,159.78
1244,Home,497.76,2.82,7,346,9,443,99,266.93
1245,Home,429.29,2.65,43,212,35,124,44,233.32
1246,Toys,265.51,4.74,97,435,1,109,79,158.01
1247,Clothing,41.18,2.0,4,339,25,36,24,44.31
1248,Clothing,417.37,1.48,68,323,49,276,77,238.75
1249,Clothing,303.5,3.34,30,138,13,13,10,159.51
1250,Toys,66.32,4.88,44,204,15,472,28,40.51
1251,Home,55.99,2.51,8,380,42,346,33,44.05
1252,Clothing,455.72,1.25,31,72,41,231,85,236.74
1253,Toys,337.91,2.36,32,3,16,315,13,167.46
1254,Clothing,416.35,3.02,66,75,45,123,23,221.17
1255,Electronics,440.7,1.65,29,328,21,278,58,244.64
1256,Clothing,290.17,3.63,75,76,3,478,38,158.36
1257,Clothing,263.55,4.99,28,303,18,110,25,147.15
1258,Home,220.91,2.81,2,255,1,123,42,120.94
1259,Toys,165.3,2.42,89,409,38,412,35,118.56
1260,Home,222.95,2.6,56,101,8,430,38,130.66
1261,Home,389.2,1.46,29,105,18,29,60,209.91
1262,Home,304.94,4.53,8,332,15,114,15,173.34
1263,Home,447.34,2.66,25,38,24,89,58,228.25
1264,Home,227.26,2.55,1,475,47,211,95,139.99
1265,Clothing,307.47,3.64,61,313,17,37,5,185.5
1266,Home,319.34,2.77,2,274,22,82,97,167.11
1267,Home,299.93,3.59,45,87,20,26,55,171.29
1268,Toys,354.29,1.25,67,210,10,216,7,198.88
1269,Electronics,126.34,4.25,24,368,38,359,93,92.24
1270,Clothing,261.06,4.76,50,76,40,485,26,135.04
1271,Clothing,61.07,3.6,12,76,3,371,70,38.67
1272,Clothing,198.41,4.82,43,441,24,214,26,128.61
1273,Home,248.96,1.61,34,27,31,220,88,124.77
1274,Home,329.59,2.91,54,244,29,14,45,181.44
1275,Home,475.76,3.41,86,65,44,442,40,262.62
1276,Toys,304.32,3.33,8,265,25,258,78,170.38
1277,Electronics,374.36,2.61,1,381,35,265,24,208.62
1278,Home,258.07,2.35,60,469,33,462,85,153.71
1279,Electronics,320.71,1.51,40,204,8,119,17,179.94
1280,Toys,44.76,2.57,43,57,11,463,11,35.2
1281,Clothing,134.65,1.65,63,200,1,400,86,86.34
1282,Home,187.31,3.94,30,224,37,127,50,112.55
1283,Electronics,241.52,1.84,46,141,4,210,38,131.85
1284,Electronics,32.37,1.23,1,380,4,10,88,37.8
1285,Home,78.61,3.21,95,367,21,175,9,64.56
1286,Clothing,145.64,3.38,81,83,4,132,93,94.97
1287,Clothing,486.05,4.49,76,142,3,324,73,260.7
1288,Clothing,172.36,3.31,68,351,8,319,97,108.22
1289,Toys,246.2,2.38,57,32,28,13,76,132.67
1290,Electronics,106.09,4.21,43,400,21,49,53,86.4
1291,Electronics,309.28,3.16,73,151,26,409,28,165.95
1292,Electronics,147.53,1.32,55,157,9,71,40,84.14
1293,Toys,111.43,3.26,42,445,15,68,8,87.91
1294,Electronics,263.12,4.63,88,140,41,390,62,148.7
1295,Toys,12.7,2.59,33,445,41,382,76,42.37
1296,Clothing,13.76,2.19,29,250,9,15,36,16.23
1297,Home,117.34,1.57,70,302,5,438,13,86.84
1298,Electronics,27.99,1.61,69,111,48,333,72,22.93
1299,Electronics,62.93,2.73,54,143,4,356,71,35.21
1300,Clothing,176.04,3.38,66,449,5,55,38,126.21
1301,Home,403.27,1.32,12,208,46,104,39,219.73
1302,Toys,290.3,4.76,2,223,24,131,53,156.89
1303,Home,261.21,4.02,25,42,49,483,2,135.56
1304,Clothing,153.81,3.35,56,263,3,47,54,98.96
1305,Clothing,466.56,4.31,23,243,39,247,32,252.67
1306,Home,204.54,1.32,52,2,47,272,95,122.37
1307,Toys,52.68,2.91,69,124,31,110,70,52.79
1308,Toys,312.36,3.52,42,267,34,419,18,180.53
1309,Electronics,65.78,4.31,59,83,9,325,33,43.56
1310,Toys,179.16,4.13,57,15,33,335,77,99.98
1311,Home,258.63,2.11,48,333,35,348,49,158.34
1312,Clothing,438.37,4.76,41,463,5,483,46,239.92
1313,Electronics,251.84,1.5,75,58,42,37,45,137.39
1314,Electronics,354.11,4.5,99,176,45,356,55,192.66
1315,Clothing,496.48,4.88,65,62,15,239,56,251.78
1316,Toys,74.43,1.71,10,445,18,317,82,56.52
1317,Clothing,144.62,3.89,97,490,33,120,50,110.29
1318,Toys,203.34,1.16,89,48,24,47,53,121.3
1319,Clothing,216.7,2.62,17,306,30,9,89,128.58
1320,Home,211.4,3.07,84,245,48,232,80,128.47
1321,Toys,454.73,3.32,99,288,40,35,27,247.98
1322,Home,359.88,4.74,51,285,16,412,18,202.84
1323,Electronics,307.87,3.69,45,442,46,461,26,181.3
1324,Clothing,161.59,2.93,43,331,29,3,47,107.43
1325,Electronics,413.66,4.24,21,14,38,43,18,223.82
1326,Electronics,477.98,4.8,52,337,30,55,96,257.23
1327,Electronics,412.39,1.09,58,254,18,41,50,220.96
1328,Electronics,10.77,4.93,93,91,34,254,6,23.08
1329,Clothing,321.84,1.34,29,278,28,227,28,190.16
1330,Electronics,35.06,4.26,7,205,0,113,42,34.77
1331,Clothing,136.23,2.12,97,93,3,236,68,91.15
1332,Clothing,39.17,1.53,56,224,27,396,93,36.07
1333,Home,305.86,2.76,72,300,17,173,57,187.22
1334,Toys,346.43,3.58,19,317,25,254,7,186.24
1335,Toys,66.1,2.52,24,462,39,465,41,54.01
1336,Clothing,198.08,1.22,18,198,18,416,75,119.9
1337,Home,233.56,3.4,4,270,5,276,41,140.41
1338,Clothing,190.84,4.61,74,499,0,463,12,120.5
1339,Clothing,69.3,2.53,78,233,7,334,25,47.57
1340,Clothing,215.28,1.87,71,45,32,440,17,111.23
1341,Home,378.08,2.77,82,63,42,68,41,197.23
1342,Toys,44.79,1.19,86,229,20,325,50,38.87
1343,Home,49.29,4.28,26,429,23,229,83,61.25
1344,Electronics,183.84,4.31,39,439,24,66,15,124.39
1345,Home,471.45,3.35,95,248,46,303,2,268.47
1346,Home,337.6,2.41,25,245,42,459,90,193.75
1347,Home,342.55,4.2,26,427,18,483,78,198.57
1348,Home,187.34,3.22,61,74,28,416,97,112.86
1349,Toys,300.89,4.3,82,156,9,35,44,170.12
1350,Electronics,14.96,3.53,49,222,11,416,21,21.58
1351,Toys,321.69,4.14,41,189,32,158,22,179.65
1352,Toys,457.51,3.39,28,472,6,148,58,257.1
1353,Home,310.16,2.66,38,51,16,26,61,170.03
1354,Clothing,438.11,4.83,59,437,9,474,67,258.31
1355,Clothing,364.75,3.16,40,87,30,71,53,192.58
1356,Toys,69.07,3.42,32,312,5,247,56,59.79
1357,Toys,452.2,1.88,82,338,16,100,22,245.17
1358,Home,42.56,3.5,82,65,49,189,59,43.87
1359,Toys,271.64,3.29,96,149,36,95,72,154.56
1360,Home,79.65,1.74,15,19,17,383,87,35.11
1361,Clothing,15.74,1.24,22,32,25,281,84,11.68
1362,Clothing,216.8,3.42,6,327,48,321,54,133.05
1363,Electronics,154.57,4.05,25,280,15,395,79,88.48
1364,Clothing,248.14,3.09,95,45,7,277,62,145.62
1365,Toys,292.83,1.91,11,72,23,16,55,145.35
1366,Clothing,31.43,3.67,71,353,12,262,54,51.0
1367,Home,70.27,1.32,4,312,28,106,24,58.34
1368,Clothing,283.73,2.77,91,342,31,67,25,168.31
1369,Electronics,178.15,1.65,68,132,23,127,48,102.92
1370,Clothing,367.3,1.74,48,54,15,292,62,197.81
1371,Home,329.62,1.81,25,60,10,293,44,173.7
1372,Home,424.35,2.55,4,344,31,95,72,236.82
1373,Toys,349.32,1.2,21,7,5,394,78,175.63
1374,Clothing,220.67,2.59,78,271,34,0,38,135.36
1375,Home,339.75,3.05,12,245,32,408,96,196.93
1376,Electronics,144.94,2.93,27,175,17,297,64,80.48
1377,Toys,160.09,2.53,32,492,36,179,68,110.31
1378,Electronics,396.6,4.36,22,115,12,407,55,204.16
1379,Clothing,228.75,1.58,96,316,9,180,8,146.29
1380,Clothing,401.21,3.02,17,270,36,234,69,225.29
1381,Clothing,412.99,1.25,29,192,25,439,27,217.59
1382,Toys,430.21,1.28,25,149,45,318,44,221.44
1383,Home,459.15,3.3,15,130,16,336,25,230.06
1384,Toys,221.18,3.26,76,101,0,7,27,122.44
1385,Electronics,166.24,4.51,38,309,24,442,39,103.88
1386,Toys,295.28,3.23,32,269,33,428,14,178.0
1387,Electronics,191.87,4.84,25,291,38,26,5,117.15
1388,Toys,304.53,1.19,47,209,9,307,26,163.68
1389,Home,355.74,1.39,64,494,19,145,37,218.97
1390,Electronics,347.32,1.18,37,360,6,90,67,196.02
1391,Clothing,193.53,1.74,1,337,15,341,74,117.55
1392,Clothing,91.76,3.17,5,66,36,271,84,45.83
1393,Toys,220.96,3.58,45,9,28,321,63,116.6
1394,Clothing,79.87,1.18,49,48,11,4,29,57.46
1395,Electronics,446.15,4.78,37,486,16,81,81,255.42
1396,Clothing,179.48,4.37,87,110,47,386,98,106.4
1397,Home,85.69,2.19,17,320,19,218,2,65.4
1398,Home,22.47,1.31,26,218,25,117,61,35.71
1399,Toys,326.45,1.68,40,56,47,80,11,170.54
1400,Electronics,322.08,1.51,71,282,18,463,90,184.44
1401,Home,176.9,1.49,91,458,46,69,29,134.52
1402,Home,45.14,3.07,73,112,11,114,84,30.63
1403,Electronics,210.72,1.98,16,132,20,262,37,120.35
1404,Clothing,162.5,2.43,61,70,41,305,84,97.73
1405,Clothing,341.79,4.96,28,82,33,141,59,185.68
1406,Toys,306.83,3.74,57,56,6,421,37,160.29
1407,Clothing,188.65,4.8,69,375,44,487,14,121.61
1408,Electronics,116.77,1.57,77,348,34,206,17,90.88
1409,Home,494.14,2.53,21,270,14,110,51,258.89
1410,Clothing,232.46,3.22,5,482,0,302,28,139.87
1411,Toys,347.25,1.31,25,110,25,111,59,178.15
1412,Clothing,78.87,1.02,38,356,34,416,20,54.81
1413,Electronics,247.94,3.68,11,374,24,42,16,156.31
1414,Toys,23.49,3.57,98,75,41,346,17,28.74
1415,Clothing,257.67,2.64,13,157,14,284,56,149.3
1416,Toys,482.37,2.96,21,19,21,127,36,239.73
1417,Electronics,198.26,2.66,50,420,5,184,59,127.91
1418,Home,29.11,1.1,22,130,14,228,37,18.89
1419,Electronics,25.17,2.34,47,328,23,388,11,42.25
1420,Electronics,200.11,1.71,70,121,20,220,74,121.12
1421,Electronics,88.41,1.39,49,40,6,351,83,44.24
1422,Electronics,21.44,4.83,88,166,28,443,72,39.83
1423,Home,380.54,3.4,12,409,31,116,0,209.59
1424,Home,234.68,3.91,84,129,31,69,57,138.33
1425,Toys,151.73,2.26,9,22,4,385,2,88.43
1426,Clothing,451.04,2.57,54,278,3,69,62,253.28
1427,Home,66.91,1.95,8,250,21,109,20,58.38
1428,Home,478.4,1.39,78,468,17,426,22,269.23
1429,Clothing,163.84,1.72,51,399,34,131,8,102.83
1430,Home,445.32,4.19,1,8,16,55,82,219.36
1431,Electronics,305.44,3.71,24,12,49,476,54,161.37
1432,Electronics,415.09,3.19,12,411,49,442,18,240.7
1433,Clothing,492.17,2.9,97,410,23,88,61,272.17
1434,Toys,151.32,4.69,50,306,1,136,86,100.19
1435,Toys,480.96,1.29,57,319,12,130,90,260.06
1436,Clothing,200.85,2.12,33,51,14,217,90,104.92
1437,Clothing,198.9,2.4,34,208,4,175,38,117.37
1438,Electronics,176.79,4.13,2,37,2,170,99,90.81
1439,Toys,275.29,4.97,58,99,36,474,75,159.23
1440,Home,85.53,1.96,69,192,36,99,26,56.38
1441,Electronics,281.32,4.5,47,401,36,479,45,175.71
1442,Clothing,275.44,4.32,63,190,2,128,33,145.87
1443,Toys,383.33,1.9,18,50,34,56,32,193.63
1444,Home,418.49,2.6,66,392,22,180,91,241.29
1445,Home,225.82,2.64,81,140,27,245,94,138.34
1446,Electronics,158.14,4.91,72,167,29,143,95,93.56
1447,Toys,137.07,1.72,75,310,17,50,49,90.12
1448,Toys,105.37,4.2,4,108,35,367,19,63.57
1449,Clothing,38.25,2.34,66,206,32,458,39,33.92
1450,Toys,177.8,3.92,10,426,25,217,98,120.71
1451,Toys,142.42,2.68,93,299,47,103,94,106.17
1452,Electronics,483.54,3.31,67,109,39,382,57,251.39
1453,Toys,283.28,4.33,68,195,16,54,30,159.93
1454,Home,180.17,4.22,0,416,39,256,37,121.13
1455,Electronics,294.43,4.47,90,151,6,345,85,162.01
1456,Electronics,78.21,1.24,91,419,7,155,44,72.77
1457,Clothing,227.58,3.77,62,242,30,52,40,126.85
1458,Toys,316.85,1.56,28,127,11,441,8,171.16
1459,Clothing,249.56,2.66,81,104,47,328,8,136.37
1460,Home,206.87,3.19,11,9,30,443,62,115.23
1461,Electronics,496.99,2.61,76,355,43,186,78,275.78
1462,Electronics,441.35,3.08,40,147,18,363,76,230.07
1463,Electronics,315.47,4.99,1,488,9,149,21,190.95
1464,Home,288.99,1.54,36,364,38,263,15,161.41
1465,Home,314.12,3.7,44,363,11,249,31,179.38
1466,Clothing,108.64,2.58,79,458,19,432,65,84.94
1467,Clothing,203.62,1.53,47,139,36,297,89,113.06
1468,Clothing,29.34,1.63,23,189,47,410,13,39.68
1469,Toys,243.02,4.8,98,401,40,422,37,161.34
1470,Electronics,276.08,4.52,21,93,6,210,97,137.57
1471,Electronics,121.6,4.63,99,491,13,24,7,101.77
1472,Clothing,482.37,4.97,10,495,10,293,99,269.47
1473,Electronics,455.63,1.83,57,228,6,340,20,253.9
1474,Clothing,363.85,2.42,45,62,28,151,55,189.07
1475,Toys,271.36,3.68,28,339,9,23,45,158.55
1476,Toys,436.28,2.94,34,24,28,251,42,226.14
1477,Home,74.02,2.67,14,267,8,59,91,52.89
1478,Toys,397.35,2.43,59,404,35,466,45,227.88
1479,Clothing,71.16,3.38,94,280,47,433,47,58.47
1480,Toys,399.16,3.3,41,10,9,366,69,210.85
1481,Home,145.13,1.65,42,319,18,65,83,93.87
1482,Electronics,439.77,2.89,79,200,30,397,30,250.53
1483,Clothing,472.58,3.21,73,125,16,52,32,247.3
1484,Electronics,82.91,3.28,48,305,8,415,43,66.62
1485,Home,236.71,1.84,63,189,44,105,70,147.69
1486,Home,490.68,3.97,31,88,32,95,7,260.1
1487,Home,246.87,1.1,63,354,33,475,72,158.38
1488,Electronics,433.14,2.42,1,115,44,175,1,233.85
1489,Electronics,298.48,4.12,23,351,23,38,16,169.42
1490,Electronics,193.91,3.26,86,176,8,167,51,117.81
1491,Electronics,150.03,2.04,65,13,6,41,44,76.3
1492,Home,109.58,3.78,37,256,15,366,36,74.26
1493,Home,383.28,3.27,30,208,18,103,41,202.1
1494,Clothing,199.4,4.18,25,280,38,332,43,125.71
1495,Clothing,260.52,3.94,28,442,5,203,80,157.01
1496,Electronics,251.24,3.44,66,327,49,7,37,152.38
1497,Toys,292.87,2.95,77,324,10,462,98,167.3
1498,Toys,434.13,1.53,24,388,11,281,93,250.24
1499,Home,490.56,2.05,47,104,41,395,5,251.12
1500,Home,209.72,2.68,64,482,12,42,67,127.97
1501,Home,415.48,3.4,52,146,11,434,50,216.37
1502,Clothing,384.62,3.05,66,278,20,109,34,224.84
1503,Clothing,291.03,2.15,89,8,9,474,57,165.73
1504,Home,478.46,1.03,17,117,19,209,56,251.98
1505,Home,108.23,2.98,8,93,49,236,72,72.66
1506,Home,63.54,2.14,37,433,35,355,5,55.33
1507,Toys,428.44,3.94,86,143,27,318,12,242.9
1508,Clothing,225.18,1.1,20,288,23,48,58,124.37
1509,Toys,425.01,3.34,64,385,4,114,85,231.25
1510,Toys,447.61,4.77,20,13,36,154,91,223.25
1511,Home,40.6,1.7,26,493,11,136,29,50.45
1512,Home,442.9,2.89,69,256,34,166,99,250.75
1513,Electronics,229.68,1.37,43,345,39,320,1,137.9
1514,Electronics,260.11,3.5,99,185,1,198,57,159.56
1515,Toys,317.03,3.2,27,344,49,473,35,182.64
1516,Clothing,463.93,2.63,44,399,40,70,71,253.85
1517,Home,19.37,3.09,16,206,44,499,44,25.92
1518,Home,243.65,4.59,39,345,38,6,8,151.27
1519,Toys,346.98,1.79,2,430,41,199,64,206.29
1520,Electronics,364.13,1.09,75,171,8,335,76,198.31
1521,Clothing,349.34,4.45,75,463,21,66,49,210.18
1522,Electronics,75.87,3.31,65,269,46,492,78,58.49
1523,Electronics,156.7,4.56,45,220,4,137,31,98.08
1524,Electronics,185.77,3.39,85,151,11,241,97,120.43
1525,Electronics,404.17,4.24,86,110,0,454,42,208.01
1526,Home,146.59,2.72,29,182,43,212,94,97.87
1527,Home,113.25,4.0,68,398,21,180,77,87.47
1528,Electronics,479.15,4.65,8,338,37,253,53,256.95
1529,Clothing,14.34,3.29,84,71,18,100,46,30.68
1530,Toys,498.93,1.72,10,417,15,350,13,272.83
1531,Clothing,341.64,2.08,68,385,30,86,47,196.92
1532,Clothing,415.95,1.79,98,282,2,184,54,226.06
1533,Clothing,154.36,1.99,90,73,22,90,28,87.32
1534,Electronics,17.01,2.23,65,354,41,247,46,43.91
1535,Home,371.56,3.22,87,214,17,213,62,209.81
1536,Clothing,418.73,3.35,30,496,25,358,18,248.6
1537,Electronics,372.83,2.71,32,327,12,248,90,202.35
1538,Clothing,80.0,3.46,38,475,17,125,8,62.36
1539,Clothing,379.18,1.33,93,22,2,410,36,190.58
1540,Electronics,386.77,1.35,45,67,22,437,91,203.86
1541,Home,332.68,1.69,36,397,2,368,51,200.29
1542,Home,385.4,3.07,91,446,24,3,56,231.01
1543,Toys,424.5,1.86,59,372,26,87,87,235.89
1544,Electronics,310.67,2.13,30,361,43,150,27,188.65
1545,Toys,53.42,2.6,10,92,26,175,35,41.06
1546,Toys,248.94,4.25,86,320,38,210,63,144.03
1547,Toys,48.05,1.06,1,323,24,425,17,49.22
1548,Home,209.7,3.6,26,383,23,258,88,125.63
1549,Electronics,209.48,3.68,98,62,7,90,34,112.07
1550,Toys,42.34,4.19,1,223,8,258,67,28.58
1551,Electronics,180.92,4.73,20,224,45,411,77,108.48
1552,Electronics,64.39,1.08,57,368,36,190,38,58.61
1553,Home,406.04,1.62,4,345,29,80,89,219.67
1554,Toys,474.37,4.54,51,336,18,414,7,255.24
1555,Toys,45.44,2.83,44,102,15,137,87,39.53
1556,Electronics,478.01,3.26,84,214,23,432,79,270.86
1557,Clothing,266.06,3.65,92,191,43,469,83,162.37
1558,Home,156.79,3.72,19,159,20,349,14,86.91
1559,Home,47.66,4.73,60,371,35,125,6,47.72
1560,Home,255.31,4.99,37,206,39,368,16,140.91
1561,Home,399.31,3.88,19,268,38,404,85,212.26
1562,Toys,356.47,2.15,24,193,46,355,85,196.34
1563,Toys,34.61,4.52,1,379,5,308,63,39.87
1564,Clothing,45.72,1.2,31,402,4,342,11,50.81
1565,Home,207.41,1.92,25,151,13,229,81,119.04
1566,Home,154.69,4.59,69,236,44,459,55,97.21
1567,Electronics,123.87,2.02,40,87,41,344,45,71.4
1568,Toys,147.69,1.88,66,10,49,309,46,89.85
1569,Home,403.71,1.55,96,186,3,440,78,218.35
1570,Clothing,465.32,4.44,0,213,7,19,15,239.15
1571,Clothing,208.5,3.0,50,14,23,368,68,110.34
1572,Toys,453.99,3.7,4,265,10,48,1,237.83
1573,Clothing,167.53,1.96,12,296,16,489,91,93.52
1574,Clothing,243.45,4.03,18,410,49,134,53,156.33
1575,Toys,120.75,4.04,11,443,20,28,26,93.5
1576,Home,323.83,2.25,47,72,25,47,30,167.56
1577,Home,489.7,2.64,24,51,42,476,40,245.82
1578,Clothing,305.71,1.84,56,127,47,268,35,174.65
1579,Clothing,185.33,4.91,34,27,43,2,46,96.93
1580,Home,327.43,3.58,75,64,44,257,42,177.4
1581,Toys,70.23,4.74,93,16,26,15,64,40.05
1582,Clothing,445.44,2.21,4,350,15,93,49,237.09
1583,Electronics,256.51,4.13,97,427,25,357,92,168.49
1584,Toys,230.18,4.06,21,137,32,133,0,134.14
1585,Clothing,297.07,3.77,76,318,30,300,71,169.93
1586,Clothing,316.14,4.86,56,228,47,326,56,177.46
1587,Electronics,45.17,2.57,46,253,46,132,15,37.63
1588,Electronics,344.48,1.52,53,476,5,311,27,193.63
1589,Home,128.55,3.69,2,209,43,454,85,89.81
1590,Toys,359.84,3.92,52,430,7,481,81,211.22
1591,Toys,413.04,3.3,83,293,6,382,21,231.57
1592,Home,403.94,1.83,30,230,33,31,40,225.45
1593,Toys,280.73,3.02,68,240,43,304,75,170.87
1594,Toys,264.88,2.25,87,69,13,268,18,152.47
1595,Toys,80.01,2.71,32,103,15,413,88,40.73
1596,Toys,389.92,3.58,71,203,42,24,49,210.86
1597,Toys,142.99,3.98,87,52,8,468,58,87.49
1598,Electronics,253.38,1.93,49,461,9,315,68,153.44
1599,Toys,149.29,2.62,83,427,16,58,33,116.07
1600,Electronics,75.58,2.08,15,374,11,212,38,62.81
1601,Toys,318.48,1.79,75,329,5,155,73,193.18
1602,Home,36.62,4.13,76,53,18,495,6,25.21
1603,Clothing,376.84,4.64,38,275,42,313,51,218.38
1604,Electronics,165.62,2.48,88,334,40,275,59,109.23
1605,Toys,10.07,4.01,45,30,28,417,51,24.43
1606,Home,260.45,4.59,95,134,5,388,78,141.0
1607,Clothing,32.96,4.38,87,57,24,209,23,31.63
1608,Electronics,145.32,1.73,46,104,23,443,25,90.96
1609,Clothing,356.42,4.83,43,265,24,486,89,197.78
1610,Home,40.72,2.51,8,9,15,426,89,22.97
1611,Electronics,421.28,2.36,86,495,15,56,9,255.69
1612,Clothing,11.87,1.25,49,252,5,184,16,22.69
1613,Toys,130.94,2.94,76,294,36,458,77,94.04
1614,Electronics,373.04,1.44,59,155,20,53,1,193.55
1615,Clothing,164.97,1.99,95,157,3,208,76,107.38
1616,Home,59.93,2.27,14,36,33,367,26,39.88
1617,Home,186.51,4.24,35,118,27,428,72,104.28
1618,Electronics,142.49,4.5,62,66,37,341,70,75.67
1619,Clothing,422.93,2.21,68,241,40,292,47,236.59
1620,Electronics,163.54,4.43,85,298,27,339,73,99.01
1621,Electronics,396.58,4.43,79,462,16,303,8,221.8
1622,Clothing,447.02,4.06,40,212,13,251,85,242.54
1623,Clothing,222.57,1.59,73,307,6,373,22,128.63
1624,Toys,455.87,3.76,23,100,21,437,70,231.92
1625,Clothing,194.89,4.78,81,55,0,303,72,112.32
1626,Home,482.4,3.73,48,331,28,111,26,257.17
1627,Electronics,53.75,2.33,17,323,30,365,87,44.46
1628,Electronics,346.64,3.0,6,238,29,5,92,182.31
1629,Home,251.97,3.58,3,392,14,417,80,149.6
1630,Clothing,199.95,3.04,89,230,17,190,83,125.92
1631,Home,320.03,1.48,68,361,34,333,70,192.98
1632,Home,354.89,2.25,59,380,49,431,42,202.8
1633,Toys,12.14,4.21,54,91,29,278,6,11.55
1634,Home,91.81,4.45,15,278,33,381,91,57.07
1635,Electronics,359.39,1.55,98,446,41,339,82,214.73
1636,Home,336.53,4.81,89,108,10,12,62,193.44
1637,Electronics,483.36,2.32,81,316,26,302,83,263.0
1638,Electronics,382.91,3.65,28,167,23,43,43,200.77
1639,Electronics,475.88,4.01,22,299,34,104,38,251.31
1640,Clothing,354.24,4.25,13,469,38,159,39,208.63
1641,Toys,156.05,4.78,78,407,7,153,6,111.43
1642,Electronics,61.63,2.25,48,434,17,241,69,62.32
1643,Electronics,393.09,4.43,32,441,12,180,24,231.1
1644,Clothing,325.63,1.53,24,217,44,13,58,180.5
1645,Electronics,33.61,3.82,20,221,23,179,12,25.61
1646,Home,186.42,3.97,16,160,22,376,85,101.59
1647,Home,478.83,3.71,22,15,11,291,80,247.46
1648,Toys,255.2,2.01,56,277,48,263,85,154.51
1649,Electronics,222.04,4.49,80,496,29,167,97,148.24
1650,Clothing,234.27,1.68,57,56,30,213,61,132.63
1651,Home,112.35,1.21,13,61,27,149,7,66.21
1652,Clothing,190.67,3.87,92,497,21,15,44,139.89
1653,Clothing,191.21,2.9,19,362,43,90,17,122.21
1654,Home,35.65,4.4,29,465,27,119,87,53.13
1655,Clothing,386.11,2.53,18,326,12,443,59,207.84
1656,Home,214.09,1.67,52,241,24,252,59,130.59
1657,Clothing,412.87,4.35,55,89,43,59,1,229.6
1658,Home,426.67,3.2,76,71,45,265,65,227.34
1659,Electronics,113.88,1.76,81,325,6,408,90,87.82
1660,Toys,332.1,3.88,22,29,44,30,13,179.37
1661,Home,241.42,3.04,61,358,5,20,47,137.01
1662,Home,441.28,3.42,32,406,23,218,55,248.75
1663,Toys,115.71,2.84,17,287,18,80,11,68.88
1664,Home,342.13,4.31,72,85,18,288,95,194.52
1665,Home,307.8,4.32,32,233,35,30,91,179.34
1666,Clothing,154.7,3.84,31,234,8,497,54,85.91
1667,Toys,76.93,1.42,60,312,47,233,27,57.48
1668,Electronics,329.3,4.36,53,364,35,473,88,194.41
1669,Home,371.91,3.68,16,264,37,404,3,202.09
1670,Toys,164.66,3.79,18,286,39,35,89,93.79
1671,Clothing,325.97,2.45,90,326,28,448,35,192.41
1672,Electronics,203.61,4.52,69,392,23,131,49,129.27
1673,Toys,359.47,3.9,98,268,47,323,2,200.44
1674,Electronics,107.62,1.45,33,185,4,345,0,73.09
1675,Electronics,446.21,2.63,83,130,41,131,16,250.83
1676,Electronics,150.83,4.55,24,290,44,496,70,102.76
1677,Home,190.22,1.19,67,480,25,8,61,135.0
1678,Home,38.47,4.85,73,276,13,29,47,36.93
1679,Clothing,64.64,3.72,73,319,38,114,61,55.39
1680,Clothing,262.77,3.53,87,350,28,300,68,155.26
1681,Toys,141.12,2.08,84,179,5,3,18,94.13
1682,Clothing,419.39,2.0,10,289,6,324,33,235.1
1683,Electronics,17.2,4.77,90,479,36,236,98,50.44
1684,Electronics,195.76,2.19,15,376,17,22,48,127.95
1685,Home,175.3,4.1,89,162,22,15,79,110.44
1686,Electronics,19.47,2.57,60,270,43,21,46,31.8
1687,Toys,70.94,1.56,93,375,37,484,90,66.05
1688,Electronics,212.68,1.04,79,95,0,71,49,110.7
1689,Electronics,251.5,3.18,6,261,3,303,88,130.97
1690,Toys,208.1,4.9,15,364,43,445,25,132.94
1691,Clothing,270.16,2.48,98,468,46,480,55,172.14
1692,Clothing,301.61,2.43,15,352,34,443,77,174.84
1693,Toys,14.86,2.38,39,287,22,229,13,29.51
1694,Home,237.41,3.08,11,435,26,106,77,140.32
1695,Electronics,482.11,2.76,34,82,25,207,24,251.12
1696,Toys,264.33,4.52,20,224,7,388,99,146.38
1697,Electronics,342.0,3.02,49,411,42,207,3,199.02
1698,Home,162.81,3.03,42,222,15,262,78,105.22
1699,Electronics,389.26,1.55,99,468,40,50,31,231.26
1700,Toys,388.73,4.93,16,117,2,64,81,205.07
1701,Electronics,265.44,2.0,31,481,31,264,77,171.28
1702,Clothing,488.25,1.29,40,191,4,337,64,265.66
1703,Home,71.52,3.65,5,78,19,300,60,50.6
1704,Home,18.3,3.38,87,77,13,377,19,19.08
1705,Home,387.38,2.66,26,146,31,174,73,197.92
1706,Toys,405.51,2.69,19,106,25,450,9,208.21
1707,Home,68.9,4.14,24,381,46,151,87,56.9
1708,Clothing,140.14,1.78,65,270,5,475,33,99.11
1709,Toys,18.6,4.28,8,389,35,265,60,36.89
1710,Clothing,153.72,3.59,91,243,39,328,91,94.36
1711,Electronics,388.84,2.68,52,72,4,460,26,196.86
1712,Electronics,263.8,2.83,60,356,12,303,39,150.58
1713,Electronics,180.57,2.03,37,467,31,162,64,123.45
1714,Electronics,192.15,4.01,2,353,15,437,32,120.94
1715,Clothing,10.66,3.05,83,421,0,342,67,42.48
1716,Toys,156.9,2.28,69,25,12,366,70,97.07
1717,Toys,326.76,3.38,96,209,10,464,8,179.14
1718,Home,487.36,4.98,54,91,7,237,15,251.52
1719,Clothing,425.06,2.74,0,124,24,198,4,216.48
1720,Electronics,21.56,4.68,69,434,39,499,97,41.39
1721,Clothing,450.29,2.38,44,72,31,15,22,245.01
1722,Home,393.77,1.22,97,479,23,308,42,234.58
1723,Home,392.38,1.82,46,122,27,295,88,214.72
1724,Clothing,234.42,2.67,78,308,13,355,56,142.05
1725,Clothing,205.02,1.88,25,183,44,275,50,109.51
1726,Clothing,158.43,1.0,13,186,2,471,12,81.5
1727,Toys,42.19,4.66,53,197,35,238,23,41.44
1728,Electronics,121.84,4.38,70,77,26,68,10,79.62
1729,Clothing,130.84,3.97,45,347,19,300,51,84.27
1730,Clothing,247.2,1.67,30,185,46,5,16,145.22
1731,Clothing,376.25,1.48,87,343,14,219,36,221.88
1732,Home,242.17,1.27,58,252,26,253,12,140.58
1733,Home,38.34,3.9,94,12,44,452,61,39.28
1734,Toys,479.32,4.72,28,298,40,432,90,260.38
1735,Electronics,471.93,2.72,95,75,27,294,83,256.03
1736,Toys,394.74,1.48,16,50,24,357,96,209.45
1737,Electronics,495.75,3.05,13,274,41,385,95,277.42
1738,Home,276.8,2.4,35,148,43,106,7,150.99
1739,Home,481.76,2.5,57,218,45,294,55,260.7
1740,Home,47.05,3.49,23,121,32,117,92,29.09
1741,Toys,189.18,3.87,62,210,45,404,82,110.65
1742,Clothing,120.44,1.44,90,279,13,167,69,88.63
1743,Clothing,105.96,1.14,24,25,7,484,43,65.9
1744,Home,78.99,4.98,58,172,47,250,59,57.48
1745,Clothing,314.98,1.93,31,155,13,81,40,163.62
1746,Clothing,392.85,1.22,81,237,0,53,20,212.32
1747,Toys,293.37,1.76,17,375,15,239,85,168.09
1748,Electronics,82.01,1.16,36,81,17,365,41,46.4
1749,Home,407.45,2.57,25,491,6,11,73,226.56
1750,Home,321.62,4.21,8,355,14,208,73,186.32
1751,Toys,200.2,2.36,98,489,23,164,28,127.28
1752,Toys,340.32,2.78,63,412,48,365,79,203.2
1753,Clothing,137.35,3.7,71,272,12,293,64,97.19
1754,Home,179.14,3.04,19,67,8,398,16,91.55
1755,Electronics,459.57,4.45,53,43,14,6,29,241.59
1756,Toys,152.35,4.46,85,492,34,77,25,116.95
1757,Electronics,240.29,1.04,82,60,23,433,52,136.95
1758,Electronics,446.17,4.11,29,122,32,64,18,235.02
1759,Home,356.78,2.84,52,348,15,101,52,199.99
1760,Home,40.48,4.96,91,195,7,450,84,47.5
1761,Toys,82.18,2.93,98,329,28,356,16,75.89
1762,Home,13.84,4.95,62,408,22,299,45,33.14
1763,Home,319.15,4.02,10,478,44,286,84,181.74
1764,Home,229.36,1.99,30,322,30,170,52,128.61
1765,Electronics,75.79,3.15,48,110,39,76,63,44.61
1766,Toys,479.39,4.97,99,257,48,47,44,269.9
1767,Clothing,269.53,4.43,93,88,13,254,48,141.68
1768,Electronics,128.53,1.39,86,432,29,81,18,94.38
1769,Home,255.3,3.83,18,197,38,382,70,148.93
1770,Electronics,343.01,2.38,11,281,26,208,80,185.62
1771,Home,47.36,1.03,14,199,46,208,64,45.1
1772,Home,144.6,2.61,30,98,15,444,36,87.13
1773,Electronics,405.41,1.94,42,26,5,458,69,204.01
1774,Toys,235.24,4.28,36,88,32,83,25,134.25
1775,Home,277.82,2.35,78,145,43,9,1,163.69
1776,Toys,222.08,4.31,28,181,17,28,58,123.4
1777,Clothing,31.51,1.0,25,256,15,303,95,26.96
1778,Home,91.22,2.23,1,188,11,481,4,57.08
1779,Toys,228.32,1.96,83,239,19,464,36,145.13
1780,Toys,112.5,1.93,14,358,44,445,30,83.13
1781,Clothing,34.49,1.27,3,386,39,115,75,34.46
1782,Toys,423.39,1.75,85,195,28,489,98,236.75
1783,Toys,490.78,3.22,49,296,29,268,93,267.18
1784,Clothing,398.64,2.17,37,164,25,427,47,215.98
1785,Home,428.35,2.67,22,306,21,46,5,238.99
1786,Toys,128.57,2.51,58,270,32,358,14,87.59
1787,Toys,480.71,4.5,89,7,38,447,14,260.58
1788,Toys,106.49,4.62,74,37,46,90,60,72.46
1789,Electronics,476.2,2.97,27,113,28,52,15,252.15
1790,Clothing,497.46,2.32,65,338,21,217,19,267.71
1791,Electronics,358.74,1.43,7,55,44,347,76,194.22
1792,Clothing,490.76,4.81,28,430,12,76,43,280.56
1793,Home,289.07,1.24,10,473,8,203,41,162.97
1794,Home,137.18,2.19,17,358,23,43,45,90.69
1795,Toys,224.13,2.19,54,137,14,155,94,121.33
1796,Clothing,300.84,2.28,49,101,35,1,33,169.42
1797,Home,45.81,1.66,13,333,12,356,63,46.82
1798,Clothing,314.95,4.13,73,176,26,312,28,169.82
1799,Home,490.78,1.49,98,168,43,56,2,275.73
1800,Electronics,103.15,3.54,8,338,36,289,8,67.2
1801,Home,398.37,1.5,98,285,6,470,74,230.08
1802,Electronics,454.87,1.28,10,260,7,57,74,241.53
1803,Home,472.41,4.64,62,374,36,253,24,262.2
1804,Toys,480.47,1.76,75,222,40,179,85,256.35
1805,Electronics,265.52,4.29,66,198,13,492,41,144.77
1806,Home,488.88,3.18,52,210,11,156,45,265.11
1807,Toys,381.08,1.31,38,286,35,34,72,213.41
1808,Electronics,89.22,4.82,77,179,39,74,83,58.57
1809,Toys,243.68,1.99,55,249,16,431,58,134.04
1810,Clothing,361.98,4.44,27,230,39,288,20,191.42
1811,Clothing,131.2,1.68,74,471,28,370,73,104.56
1812,Electronics,323.9,4.42,38,481,26,74,21,197.52
1813,Home,336.63,1.05,24,22,0,328,28,163.19
1814,Electronics,89.72,3.05,20,47,33,77,62,54.33
1815,Toys,286.89,4.08,9,108,3,254,72,142.55
1816,Home,388.1,4.74,42,295,23,264,60,224.32
1817,Clothing,254.46,4.64,14,5,20,486,63,139.95
1818,Home,15.93,4.28,82,37,32,303,68,26.04
1819,Clothing,14.43,4.55,47,168,6,66,39,30.35
1820,Home,184.94,1.8,85,355,0,220,74,125.31
1821,Home,463.84,2.14,20,282,40,466,0,259.02
1822,Home,122.05,2.16,59,202,2,163,64,79.05
1823,Toys,320.84,2.51,95,324,43,479,61,187.04
1824,Toys,118.82,2.57,49,312,14,454,53,76.18
1825,Electronics,167.62,3.18,22,272,30,374,59,99.79
1826,Electronics,425.54,1.64,12,243,15,219,45,230.52
1827,Clothing,367.14,3.76,68,326,9,171,4,201.78
1828,Toys,56.75,1.67,3,474,28,253,21,50.68
1829,Clothing,220.06,2.24,91,46,5,209,89,121.74
1830,Electronics,24.29,3.01,77,248,28,187,52,30.31
1831,Clothing,245.64,4.19,71,78,16,190,69,138.03
1832,Electronics,334.59,3.96,8,109,21,388,31,184.9
1833,Toys,68.07,3.58,34,12,23,214,10,46.01
1834,Home,151.55,1.62,20,394,16,374,9,102.73
1835,Toys,204.94,3.19,57,379,20,85,38,131.41
1836,Clothing,460.57,1.35,17,364,49,473,97,255.11
1837,Clothing,496.69,2.51,96,89,10,105,30,257.63
1838,Toys,32.01,2.65,71,341,6,331,11,49.18
1839,Toys,382.89,1.16,80,347,41,295,79,216.1
1840,Electronics,192.14,2.1,42,279,38,18,37,110.27
1841,Clothing,202.3,4.82,94,220,4,46,66,127.91
1842,Clothing,379.59,4.81,97,72,43,64,65,201.87
1843,Toys,460.03,2.41,5,233,47,450,51,244.78
1844,Home,475.96,1.17,85,259,20,474,4,252.23
1845,Clothing,292.79,1.72,77,112,17,145,10,154.48
1846,Home,184.99,2.57,66,45,34,433,24,98.72
1847,Toys,395.9,4.79,11,273,19,285,34,206.65
1848,Toys,132.99,1.56,99,42,14,381,34,83.34
1849,Electronics,286.4,4.05,11,207,4,65,21,162.6
1850,Clothing,185.7,1.43,65,416,12,4,36,119.1
1851,Home,331.75,4.93,1,348,11,92,85,192.95
1852,Electronics,127.8,2.53,14,102,20,352,54,67.17
1853,Clothing,103.88,4.1,22,123,36,425,74,61.22
1854,Electronics,459.94,2.37,28,9,5,467,95,227.21
1855,Toys,59.88,3.51,80,328,6,93,98,58.05
1856,Clothing,257.92,1.77,95,186,25,105,94,149.01
1857,Electronics,118.22,1.58,6,30,41,132,71,67.89
1858,Electronics,29.08,4.75,93,155,47,433,63,42.47
1859,Home,27.65,4.67,27,59,7,340,19,22.02
1860,Electronics,95.86,4.55,13,248,8,313,97,65.89
1861,Clothing,434.72,3.5,43,386,26,78,3,252.97
1862,Clothing,148.41,4.23,29,373,3,211,17,92.88
1863,Home,475.72,1.28,80,438,20,7,50,267.2
1864,Clothing,294.99,2.34,31,269,30,496,67,171.87
1865,Toys,223.94,2.25,69,441,20,158,19,145.6
1866,Clothing,294.24,3.54,87,216,39,267,8,164.8
1867,Clothing,263.18,2.42,5,398,24,148,79,152.4
1868,Electronics,381.8,1.59,26,1,38,349,25,197.02
1869,Electronics,148.42,3.39,81,23,14,445,24,83.93
1870,Clothing,182.99,4.26,87,205,34,90,67,108.26
1871,Home,448.11,2.53,23,319,48,235,40,256.1
1872,Electronics,473.76,1.53,33,495,42,473,58,274.68
1873,Home,447.35,1.79,39,198,40,288,44,241.46
1874,Clothing,215.53,1.95,46,355,36,409,40,137.71
1875,Clothing,392.38,2.2,78,113,41,473,37,222.13
1876,Toys,243.4,3.57,74,279,46,355,18,141.09
1877,Electronics,253.79,3.4,85,154,27,167,13,141.48
1878,Clothing,110.29,3.78,23,164,13,192,20,68.56
1879,Toys,299.65,2.45,64,485,3,186,14,187.25
1880,Electronics,101.21,4.3,17,221,19,270,2,56.84
1881,Clothing,172.47,1.82,43,90,33,113,36,108.38
1882,Clothing,428.96,2.88,75,166,11,384,45,231.05
1883,Electronics,111.47,4.2,56,446,32,10,15,84.86
1884,Electronics,44.87,1.72,27,206,23,54,13,33.93
1885,Electronics,43.81,1.44,70,281,19,257,8,38.63
1886,Clothing,470.98,4.53,22,64,4,64,6,248.03
1887,Clothing,258.39,2.37,84,375,37,478,13,169.63
1888,Toys,210.61,3.74,33,3,29,171,5,110.68
1889,Home,407.33,1.1,10,156,23,271,84,224.03
1890,Electronics,419.55,3.76,85,248,42,149,14,242.1
1891,Clothing,172.77,2.26,34,256,39,361,51,106.56
1892,Clothing,349.87,1.22,92,234,6,145,71,200.16
1893,Electronics,387.85,3.44,41,305,35,430,33,216.16
1894,Home,330.78,1.96,27,365,37,208,0,191.61
1895,Electronics,84.28,2.55,81,469,15,285,95,66.86
1896,Home,439.18,1.32,77,394,14,9,68,252.58
1897,Clothing,274.16,1.59,81,73,45,226,93,144.7
1898,Home,148.41,2.19,91,186,22,185,85,101.58
1899,Toys,218.36,1.36,23,61,11,61,19,122.4
1900,Clothing,28.41,4.64,7,336,28,84,79,30.17
1901,Toys,72.65,1.02,52,163,43,463,6,50.65
1902,Electronics,385.12,2.94,71,55,47,133,6,207.32
1903,Electronics,10.01,1.49,3,110,14,322,49,14.44
1904,Electronics,214.12,2.23,90,217,28,296,1,125.9
1905,Home,266.03,4.7,99,239,44,170,46,162.05
1906,Clothing,36.77,1.65,4,20,42,212,13,20.27
1907,Electronics,486.81,4.86,96,140,48,460,30,256.89
1908,Electronics,120.8,1.82,48,264,20,17,49,70.81
1909,Clothing,159.06,3.97,97,138,14,313,60,90.35
1910,Electronics,158.93,3.19,29,458,13,59,40,113.05
1911,Toys,122.9,4.54,71,69,41,87,13,86.24
1912,Clothing,10.72,3.22,62,384,43,26,4,34.24
1913,Clothing,367.38,3.14,46,117,15,67,74,196.52
1914,Clothing,483.75,1.78,25,197,14,277,4,248.92
1915,Toys,119.9,1.66,56,204,41,407,63,81.2
1916,Clothing,334.89,4.67,36,213,3,39,28,175.82
1917,Toys,373.53,2.31,97,55,26,108,74,204.5
1918,Clothing,425.73,2.49,6,286,22,73,4,239.13
1919,Home,217.09,4.04,39,469,28,65,95,133.42
1920,Electronics,158.44,2.36,91,292,40,167,35,112.68
1921,Home,169.39,4.81,38,174,8,261,78,89.43
1922,Electronics,359.18,3.95,61,346,42,367,18,205.49
1923,Toys,410.22,3.39,91,369,42,273,63,229.75
1924,Home,98.99,4.52,77,499,6,336,21,80.7
1925,Clothing,191.76,1.2,52,461,41,357,33,121.94
1926,Electronics,451.95,2.03,3,127,3,236,55,230.8
1927,Electronics,405.28,2.86,81,430,4,214,16,231.56
1928,Home,492.58,1.91,24,377,4,365,75,264.33
1929,Toys,379.58,3.98,6,324,10,285,88,211.52
1930,Home,202.67,4.68,27,441,40,377,55,139.4
1931,Toys,299.41,2.7,68,291,27,148,16,172.31
1932,Toys,333.9,2.37,66,287,15,317,73,183.72
1933,Electronics,48.44,4.85,94,225,40,393,91,45.25
1934,Home,276.8,2.78,19,63,29,375,81,153.99
1935,Home,357.57,2.96,82,454,3,106,17,212.01
1936,Toys,91.99,2.41,10,425,1,140,44,67.93
1937,Home,392.51,4.64,66,47,45,75,95,203.63
1938,Clothing,296.05,3.28,86,201,2,8,77,166.53
1939,Clothing,476.59,4.05,6,497,49,195,55,265.02
1940,Home,30.79,4.25,22,336,20,294,79,46.11
1941,Home,140.01,2.37,60,413,5,279,49,105.31
1942,Toys,304.76,2.73,70,404,42,380,57,176.0
1943,Clothing,155.31,4.39,33,59,17,117,17,86.82
1944,Clothing,360.07,2.45,18,396,43,289,79,200.93
1945,Electronics,381.91,4.18,57,256,4,486,80,208.91
1946,Toys,60.23,4.76,8,64,8,60,6,43.4
1947,Electronics,261.79,3.49,47,238,19,424,75,150.64
1948,Clothing,259.36,3.97,81,288,27,388,97,152.36
1949,Toys,190.95,4.22,40,37,25,334,9,98.83
1950,Home,467.13,4.38,47,24,17,305,68,248.05
1951,Toys,415.48,2.58,44,409,18,387,84,237.4
1952,Home,351.63,1.21,24,460,2,50,2,201.02
1953,Home,360.02,2.61,77,58,8,51,82,186.28
1954,Toys,236.24,3.7,24,475,35,121,43,145.19
1955,Home,461.29,2.8,18,416,30,166,98,266.0
1956,Electronics,350.35,4.0,38,356,48,7,69,202.78
1957,Clothing,367.2,2.43,78,382,16,368,13,210.6
1958,Home,432.23,3.54,79,296,22,44,3,242.15
1959,Electronics,144.3,1.75,26,157,33,343,17,91.83
1960,Home,405.46,4.0,73,56,40,244,92,214.43
1961,Clothing,105.67,3.18,62,432,40,283,98,78.85
1962,Electronics,179.22,1.82,67,47,4,374,51,101.12
1963,Clothing,174.45,2.17,18,327,14,106,37,110.51
1964,Clothing,489.48,3.99,27,432,46,26,79,278.69
1965,Electronics,429.7,2.93,84,430,2,192,19,253.18
1966,Electronics,353.57,1.86,77,55,18,417,87,186.83
1967,Electronics,366.26,4.87,32,64,27,336,98,184.71
1968,Toys,285.42,3.86,9,267,2,356,43,167.1
1969,Electronics,474.07,4.83,82,68,37,61,50,252.0
1970,Electronics,253.17,2.71,29,215,3,61,18,143.54
1971,Electronics,196.45,2.9,21,389,23,421,67,125.98
1972,Electronics,89.89,4.59,2,88,30,281,96,54.39
1973,Home,395.24,3.1,81,448,44,120,65,227.25
1974,Toys,369.88,3.83,74,280,44,279,12,216.61
1975,Clothing,198.33,2.01,47,256,10,38,61,124.14
1976,Electronics,22.34,2.79,1,159,36,379,60,24.44
1977,Home,421.11,1.49,75,489,0,276,29,242.57
1978,Home,15.59,1.82,53,233,8,93,97,18.19
1979,Home,354.81,1.0,5,130,16,430,29,177.88
1980,Clothing,485.43,1.16,39,48,0,114,50,246.04
1981,Electronics,224.45,4.91,92,146,2,175,87,126.12
1982,Toys,125.14,1.97,93,315,46,120,47,101.69
1983,Toys,355.39,3.65,1,490,25,12,32,211.2
1984,Home,410.39,4.36,72,412,30,484,73,240.07
1985,Clothing,277.75,3.2,1,433,25,386,81,164.12
1986,Clothing,483.85,1.61,92,1,22,415,18,247.04
1987,Clothing,35.32,3.91,96,328,29,162,70,56.91
1988,Toys,257.35,3.4,73,439,9,274,56,157.01
1989,Home,362.04,3.93,97,144,7,397,18,191.54
1990,Electronics,432.69,4.08,54,443,43,175,87,248.89
1991,Toys,97.84,4.9,71,365,24,469,78,85.13
1992,Home,402.0,3.29,59,419,21,336,40,238.35
1993,Home,280.83,2.37,96,60,14,378,41,145.11
1994,Electronics,204.31,3.59,5,272,40,323,86,128.7
1995,Electronics,74.54,1.27,18,48,9,172,51,38.05
1996,Electronics,433.99,4.59,95,331,19,487,3,236.64
1997,Clothing,87.06,1.48,26,443,40,274,3,79.53
1998,Electronics,161.8,2.31,0,403,46,63,4,113.39
1999,Home,152.12,4.26,32,433,22,100,40,105.89
2000,Electronics,436.99,3.39,39,130,0,321,86,231.06
